no,totalarea,sitearea,buildingarea,typicalfloorheight,totalheight,basement,groundlevel,parkinglot,type,type1,type2,type3,type4,type5,type6,type7,type8,type9,type10,type11,year,buildingcost,duration
1,1628.26,2253,461.65,3.6,16.86,1,4,17,3,0,0,1,0,0,0,0,0,0,0,0,2015,1985,360
2,1775.68,3182,726.15,3.9,19.17,0,3,35,3,0,0,1,0,0,0,0,0,0,0,0,2015,3124,225
3,4986.55,4923,820.37,4.2,32.5,1,6,77,3,0,0,1,0,0,0,0,0,0,0,0,2015,5192,450
4,2911.09,4577.1,793.1,3.6,15.7,1,4,71,3,0,0,1,0,0,0,0,0,0,0,0,2015,4750,300
5,906.12,1724,522.15,3.6,11.55,0,2,16,3,0,0,1,0,0,0,0,0,0,0,0,2015,925,180
6,6539,400256.8,2031.02,4.5,32.5,1,5,94,3,0,0,1,0,0,0,0,0,0,0,0,2015,9152,480
7,3599.24,3238.4,722.42,4.2,21.6,1,4,72,3,0,0,1,0,0,0,0,0,0,0,0,2015,4214,306
8,801.11,1556,517.75,4.2,19.47,0,2,14,3,0,0,1,0,0,0,0,0,0,0,0,2015,1379,210
9,1490.98,2940,705.9,4.2,13.5,0,3,67,3,0,0,1,0,0,0,0,0,0,0,0,2015,2035,365
10,3256.06,5098,1047.26,4.2,21,1,4,34,3,0,0,1,0,0,0,0,0,0,0,0,2015,5981,360
11,1838.16,3395.4,705.89,3.9,13.9,0,3,49,3,0,0,1,0,0,0,0,0,0,0,0,2015,2789,240
12,1713.81,1952,612.89,3.75,16.6,0,4,33,3,0,0,1,0,0,0,0,0,0,0,0,2015,2107,0
13,2988.23,9483,1131.51,4.5,18.9,1,3,41,3,0,0,1,0,0,0,0,0,0,0,0,2015,6080,334
14,9441.3,12276,2125.81,4.2,32.5,1,8,77,3,0,0,1,0,0,0,0,0,0,0,0,2015,9612,660
15,5620.5,3870.3,2263.19,3.4,22.26,2,3,42,2,0,1,0,0,0,0,0,0,0,0,0,2015,9515,450
16,988.1,11870,659.51,4,11.9,0,2,31,3,0,0,1,0,0,0,0,0,0,0,0,2015,1405,0
17,25805.16,35397,6549.57,4.2,42.55,1,9,672,11,0,0,0,0,0,0,0,0,0,0,1,2015,28355,780
18,17861.04,41893,4943.4,4.2,32.08,1,5,300,11,0,0,0,0,0,0,0,0,0,0,1,2015,19999,610
19,16656.46,23613,3991.43,4.2,45.85,1,8,213,11,0,0,0,0,0,0,0,0,0,0,1,2015,17022,660
20,11708.41,12000,3744.16,4.2,21,1,4,39,9,0,0,0,0,0,0,0,0,1,0,0,2015,11633,370
21,7598.49,9028.1,3188.29,4.2,18.09,1,4,31,9,0,0,0,0,0,0,0,0,1,0,0,2015,10693,380
22,21649.58,19623,6149,3.6,21.55,1,5,100,9,0,0,0,0,0,0,0,0,1,0,0,2015,19911,420
23,10663.49,10761.6,3106.57,3.6,21.25,1,5,71,9,0,0,0,0,0,0,0,0,1,0,0,2015,14092,390
24,20545.03,15551,5423.42,3.6,19.9,1,5,103,9,0,0,0,0,0,0,0,0,1,0,0,2015,20226,420
25,19449.94,17310.95,5365.14,3.7,22.43,1,5,94,9,0,0,0,0,0,0,0,0,1,0,0,2015,18031,340
26,14426.17,18719,3676.21,4.2,21,1,4,72,9,0,0,0,0,0,0,0,0,1,0,0,2015,12544,365
27,11503.17,11158,2813.28,3.6,18.65,1,5,38,9,0,0,0,0,0,0,0,0,1,0,0,2015,12907,380
28,8165.17,11388,3098.59,3.6,16.85,0,4,41,9,0,0,0,0,0,0,0,0,1,0,0,2015,10022,400
29,11373.94,12044,3919.17,3.6,18.55,1,4,45,9,0,0,0,0,0,0,0,0,1,0,0,2015,13809,380
30,16510.45,22557.92,4878.78,3.6,23.5,1,4,99,9,0,0,0,0,0,0,0,0,1,0,0,2015,17279,420
31,18357.36,19825,5772.41,3.6,20.15,1,5,94,9,0,0,0,0,0,0,0,0,1,0,0,2015,19440,420
32,12041.58,12000,3744.4,3.6,16.85,1,4,45,9,0,0,0,0,0,0,0,0,1,0,0,2015,12443,380
33,11192.58,11080,2880.66,4.2,19.6,1,5,57,9,0,0,0,0,0,0,0,0,1,0,0,2015,10682,420
34,15708.43,16314.4,4875.84,3.6,20.2,1,5,59,9,0,0,0,0,0,0,0,0,1,0,0,2015,19126,400
35,16362.08,15067,4286.61,3.9,23.65,1,5,81,9,0,0,0,0,0,0,0,0,1,0,0,2015,15863,420
36,16821.92,17542,4774.01,3.9,21.9,1,5,79,9,0,0,0,0,0,0,0,0,1,0,0,2015,17164,420
37,13898.27,10928,3980.01,4.2,19.6,1,5,69,9,0,0,0,0,0,0,0,0,1,0,0,2015,14473,420
38,9112.27,14835,3973.23,3.6,16.4,0,4,32,9,0,0,0,0,0,0,0,0,1,0,0,2015,11308,430
39,12969.83,30452.14,4941.09,3.3,18.2,1,4,69,9,0,0,0,0,0,0,0,0,1,0,0,2015,16346,450
40,8158.04,12960.3,2624.14,3.6,16.6,1,4,35,9,0,0,0,0,0,0,0,0,1,0,0,2015,10383,400
41,11122.45,16500,3374.31,3.6,16.3,1,4,58,9,0,0,0,0,0,0,0,0,1,0,0,2015,11503,420
42,13931.7,13931.79,4599.65,4.2,20.85,1,5,46,9,0,0,0,0,0,0,0,0,1,0,0,2015,14505,380
43,11957.7,15956.2,4036.91,3.6,20.25,0,5,63,9,0,0,0,0,0,0,0,0,1,0,0,2015,15306,420
44,9793.13,37823,6219.94,4.2,21,1,3,41,9,0,0,0,0,0,0,0,0,1,0,0,2015,13190,420
45,12029.38,12352,3541.49,3.6,20.1,1,5,47,9,0,0,0,0,0,0,0,0,1,0,0,2015,11741,370
46,12162.56,17518,4371.57,4.2,18.6,1,4,57,9,0,0,0,0,0,0,0,0,1,0,0,2015,12080,370
47,9558.93,3889.24,2519.68,3.6,20.77,1,5,181,9,0,0,0,0,0,0,0,0,1,0,0,2015,11044,1036
48,4698.01,93036,1076.97,3.9,30.9,0,7,24,9,0,0,0,0,0,0,0,0,1,0,0,2015,5180,540
49,8236.9,647046,1865.633,3.9,39.45,1,8,107,9,0,0,0,0,0,0,0,0,1,0,0,2015,9604,720
50,4894.4,63632.1,1348.55,4.2,22.55,1,5,246,9,0,0,0,0,0,0,0,0,1,0,0,2015,5987,365
51,6386.5,14902,2872.94,3.8,15.6,1,4,34,9,0,0,0,0,0,0,0,0,1,0,0,2015,7215,365
52,14254,90951.5,2371.93,4.2,48.65,1,11,132,9,0,0,0,0,0,0,0,0,1,0,0,2015,14771,900
53,7497.58,751255,1904.79,4.5,25.6,1,5,12,9,0,0,0,0,0,0,0,0,1,0,0,2015,9683,720
54,8234.15,751255,2517.88,4.2,24.85,1,5,40,9,0,0,0,0,0,0,0,0,1,0,0,2015,9890,720
55,8864.25,353677,1363.76,3.9,31.8,1,7,43,9,0,0,0,0,0,0,0,0,1,0,0,2015,9460,900
56,9498.74,6622.67,2028.54,4.2,21,1,7,69,9,0,0,0,0,0,0,0,0,1,0,0,2015,10201,540
57,9346.84,11150,2289.77,4.2,33.95,1,7,124,6,0,0,0,0,0,1,0,0,0,0,0,2015,11132,600
58,15583.96,18880,3028.8,4.2,28,1,6,162,6,0,0,0,0,0,1,0,0,0,0,0,2015,16901,540
59,12415,11062,2530.11,4.2,30.45,1,6,188,6,0,0,0,0,0,1,0,0,0,0,0,2015,13063,600
60,7962.38,3521.4,2065.28,4.2,23.79,1,4,62,6,0,0,0,0,0,1,0,0,0,0,0,2015,7842,650
61,13631.15,2633.7,1203.4,3,32.98,3,8,131,6,0,0,0,0,0,1,0,0,0,0,0,2015,15066,920
62,664.43,2069,593.1,3.9,6,0,2,18,6,0,0,0,0,0,1,0,0,0,0,0,2015,1226,230
63,3742.84,100000,2138.79,3.2,9.9,1,2,39,10,0,0,0,0,0,0,0,0,0,1,0,2015,7842,540
64,14498.29,32752,6547.05,4.2,30.3,1,4,93,10,0,0,0,0,0,0,0,0,0,1,0,2015,20481,450
65,14195.59,7217.68,3761.14,4.2,21,1,6,1237,7,0,0,0,0,0,0,1,0,0,0,0,2015,14006,1080
66,2931.1,1565,810.97,4.2,22.3,1,4,16,7,0,0,0,0,0,0,1,0,0,0,0,2015,3887,365
67,12172.1,39441,6158.5,5,21,1,4,256,7,0,0,0,0,0,0,1,0,0,0,0,2015,17651,537
68,7996.83,6240,1199.95,4.2,21,2,4,50,8,0,0,0,0,0,0,0,1,0,0,0,2015,13578,660
69,6571.63,19587,3168.91,4.2,19.5,2,3,205,8,0,0,0,0,0,0,0,1,0,0,0,2015,10407,510
70,8501.96,57477,4371.81,6.6,18.2,1,3,30,8,0,0,0,0,0,0,0,1,0,0,0,2015,11206,630
71,1745.21,5570,1432.75,5,7.7,1,2,16,1,1,0,0,0,0,0,0,0,0,0,0,2015,1546,150
72,5350,182095,1946.7,5.4,20.2,1,3,1830,1,1,0,0,0,0,0,0,0,0,0,0,2015,7631,480
73,9242.36,55950.78,4283.62,4.2,13.55,1,2,93,1,1,0,0,0,0,0,0,0,0,0,0,2015,12217,540
74,2540.29,2640,1392.24,4.5,13.8,1,3,46,1,1,0,0,0,0,0,0,0,0,0,0,2015,3600,540
75,2017.56,6248,1307.54,4.5,19,1,2,33,1,1,0,0,0,0,0,0,0,0,0,0,2015,5248,360
76,471.46,55950.78,240.79,4.2,21,0,2,107,4,0,0,0,1,0,0,0,0,0,0,0,2015,501,0
77,3379.98,67996.9,1340.11,4.2,45.17,0,3,733,4,0,0,0,1,0,0,0,0,0,0,0,2015,3564,250
78,9203.82,18494,9203,4.2,21,1,4,62,4,0,0,0,1,0,0,0,0,0,0,0,2015,9864,540
79,4409.77,500862,2587.52,4.8,13.95,0,2,722,2,0,1,0,0,0,0,0,0,0,0,0,2015,6907,510
80,4103.8,5615.9,1262.32,3.9,20.8,1,4,22,2,0,1,0,0,0,0,0,0,0,0,0,2015,5343,270
81,9269.19,29882.8,5327.19,7.8,24.5,1,3,42,2,0,1,0,0,0,0,0,0,0,0,0,2015,13407,300
82,582.88,115686,582.88,3.6,7.2,0,1,212,2,0,1,0,0,0,0,0,0,0,0,0,2015,649,0
83,9096.93,9000,1539.21,4.3,39.4,1,9,34,2,0,1,0,0,0,0,0,0,0,0,0,2015,10269,720
84,12496.63,86349.9,2806.22,4.3,30.9,2,6,56,9,0,0,0,0,0,0,0,0,1,0,0,2015,15676,900
85,23877,130606,36651.29,4.4,27.97,2,6,897,2,0,1,0,0,0,0,0,0,0,0,0,2015,28135,850
86,2491.35,12175,781.29,4.2,18.05,0,4,10,2,0,1,0,0,0,0,0,0,0,0,0,2015,3637,300
87,2067.28,22024,753.12,4.2,11.5,0,3,28,2,0,1,0,0,0,0,0,0,0,0,0,2015,2248,0
88,17112.16,63753,2625.17,4.5,40.96,2,7,902,2,0,1,0,0,0,0,0,0,0,0,0,2015,18374,780
89,5051.09,12958,3701.98,3.6,14.1,0,3,107,2,0,1,0,0,0,0,0,0,0,0,0,2015,4608,240
90,2637.61,302811,924.38,4.2,13.5,0,3,704,2,0,1,0,0,0,0,0,0,0,0,0,2015,3219,0
91,1108.58,27433,576.96,4.2,21,0,2,41,1,1,0,0,0,0,0,0,0,0,0,0,2015,1234,150
92,3006.81,15072,1887.71,3.7,12.6,0,2,11,1,1,0,0,0,0,0,0,0,0,0,0,2015,1963,180
93,4469.08,11576,4174.2,10,12.9,0,2,17,1,1,0,0,0,0,0,0,0,0,0,0,2015,3543,300
94,1960,792220,1611.07,4.2,21,0,1,107,1,1,0,0,0,0,0,0,0,0,0,0,2015,1597,0
95,1502.4,41855,1502.4,4.2,8.9,0,1,8,1,1,0,0,0,0,0,0,0,0,0,0,2015,986,80
96,1351.81,1540,473.19,4.2,15.4,0,4,20,5,0,0,0,0,1,0,0,0,0,0,0,2015,1682,240
97,2587.68,1293148,1188.04,4.2,8.8,0,3,107,5,0,0,0,0,1,0,0,0,0,0,0,2015,2278,210
98,992.51,39722,258.23,3.6,17.4,0,4,5,5,0,0,0,0,1,0,0,0,0,0,0,2015,1408,0
99,4012.86,1558,659.96,4.2,23,0,6,12,5,0,0,0,0,1,0,0,0,0,0,0,2015,5168,240
100,2947.7,2960,770.97,4.2,19.4,0,5,107,5,0,0,0,0,1,0,0,0,0,0,0,2015,4431,0
101,615.57,984,253.83,3.1,13.07,0,4,3,5,0,0,0,0,1,0,0,0,0,0,0,2015,869,0
102,3542.67,4454.48,886.22,3,18.25,1,4,236,5,0,0,0,0,1,0,0,0,0,0,0,2015,4005,540
103,3532.18,14504,2655.17,3.9,11.6,1,2,52,5,0,0,0,0,1,0,0,0,0,0,0,2015,4619,330
104,1449.7,157374,881.3,3.5,9.9,0,2,5,5,0,0,0,0,1,0,0,0,0,0,0,2015,1483,270
105,1505.62,1571,841.2,3.6,15.5,1,2,8,5,0,0,0,0,1,0,0,0,0,0,0,2015,2128,300
106,2114.83,3784,741.15,3.6,16.6,1,3,23,5,0,0,0,0,1,0,0,0,0,0,0,2015,2682,270
107,911.65,3163,480,3.6,9.3,1,3,107,5,0,0,0,0,1,0,0,0,0,0,0,2015,1424,150
108,979.63,1373.9,495.76,4.2,15.45,1,3,7,6,0,0,0,0,0,1,0,0,0,0,0,2015,1483,240
109,4156.44,3370,765.366,3.9,20.66,2,4,58,7,0,0,0,0,0,0,1,0,0,0,0,2015,5160,480
110,15664.06,15001,5296.23,4.2,20.07,1,4,95,7,0,0,0,0,0,0,1,0,0,0,0,2015,15996,660
111,19844.05,160818,11392,4.2,13.4,1,4,262,10,0,0,0,0,0,0,0,0,0,1,0,2015,27380,1080
112,1885.23,102651.22,725.04,4.2,10.9,0,3,107,10,0,0,0,0,0,0,0,0,0,1,0,2015,2491,360
113,4326.7,12350,775.65,2.9,27.4,1,9,43,10,0,0,0,0,0,0,0,0,0,1,0,2015,4564,450
114,1826.66,130765,554.54,4.2,19.88,1,4,17,8,0,0,0,0,0,0,0,1,0,0,0,2015,4033,390
115,1637.92,643626,554.94,4.8,17.2,0,3,20,8,0,0,0,0,0,0,0,1,0,0,0,2015,2852,365
116,4157.8,25093,1655.22,4.5,19,0,3,130,8,0,0,0,0,0,0,0,1,0,0,0,2015,6570,540
117,2277.31,14534.99,1758.12,4.2,21,0,2,24,1,1,0,0,0,0,0,0,0,0,0,0,2015,3260,540
118,3708.42,37770,1724.89,4.2,14.55,1,3,616,4,0,0,0,1,0,0,0,0,0,0,0,2015,5246,480
119,3545.6,42487,715.89,3.9,17.1,1,3,70,3,0,0,1,0,0,0,0,0,0,0,0,2016,3798,240
120,3884.94,22500,897.23,4.5,20.54,1,4,11,3,0,0,1,0,0,0,0,0,0,0,0,2016,5012,420
121,4895.37,3443.6,1446.69,4.5,24.9,1,5,52,3,0,0,1,0,0,0,0,0,0,0,0,2016,5916,365
122,1832.43,10983,1367.44,4.5,9.7,0,2,18,3,0,0,1,0,0,0,0,0,0,0,0,2016,3040,0
123,859.55,8573,614.75,3.6,11.25,0,2,10,3,0,0,1,0,0,0,0,0,0,0,0,2016,3269,360
124,983.84,1830,599.32,3.9,14.7,0,2,18,3,0,0,1,0,0,0,0,0,0,0,0,2016,1911,180
125,3459.85,2496,889.79,4.2,18.1,1,4,25,3,0,0,1,0,0,0,0,0,0,0,0,2016,4625,730
126,1546.22,1983.5,518.68,4.2,12.9,1,3,39,3,0,0,1,0,0,0,0,0,0,0,0,2016,1953,250
127,1959.02,3432,622.12,4.2,21,1,3,51,3,0,0,1,0,0,0,0,0,0,0,0,2016,3134,244
128,1311.27,6659.6,26.48,3.9,21.15,1,6,14,3,0,0,1,0,0,0,0,0,0,0,0,2016,1730,0
129,2445.98,2288.9,583.77,3.9,18.4,1,3,42,3,0,0,1,0,0,0,0,0,0,0,0,2016,3543,306
130,895.67,2007,320.13,3.8,14.8,0,3,23,3,0,0,1,0,0,0,0,0,0,0,0,2016,1280,0
131,2455.72,4856.4,961.53,4.2,15.1,1,3,53,3,0,0,1,0,0,0,0,0,0,0,0,2016,3101,420
132,738.01,1446.1,310.02,3.6,13.2,0,3,16,3,0,0,1,0,0,0,0,0,0,0,0,2016,1137,180
133,862.12,22957,318.44,3.6,16.1,0,3,8,3,0,0,1,0,0,0,0,0,0,0,0,2016,1283,0
134,1745.52,2822,628.12,3.9,13.75,1,3,34,3,0,0,1,0,0,0,0,0,0,0,0,2016,3050,240
135,2917.51,3528.58,993.35,5.1,18.6,1,3,8,3,0,0,1,0,0,0,0,0,0,0,0,2016,5219,365
136,407.95,2771,1075.87,3.6,12.67,0,3,4,3,0,0,1,0,0,0,0,0,0,0,0,2016,636,0
137,3128.78,3044.4,773.99,3.9,18.9,1,4,56,3,0,0,1,0,0,0,0,0,0,0,0,2016,4820,306
138,2614.68,4125,687.65,3.9,17,1,4,56,3,0,0,1,0,0,0,0,0,0,0,0,2016,4619,300
139,1133.69,1829,365.56,3.6,13.05,1,3,19,3,0,0,1,0,0,0,0,0,0,0,0,2016,1305,250
140,7510.72,2975.2,1414.28,4.2,27.8,1,6,38,3,0,0,1,0,0,0,0,0,0,0,0,2016,7485,540
141,5980.36,10687.1,2098.61,4.2,18.65,1,4,100,3,0,0,1,0,0,0,0,0,0,0,0,2016,6982,540
142,810,1489,324,3.8,14.5,0,3,6,3,0,0,1,0,0,0,0,0,0,0,0,2016,1341,150
143,1587.19,3435.3,616.04,3.9,18.9,0,3,48,3,0,0,1,0,0,0,0,0,0,0,0,2016,3018,240
144,13578.75,6571.8,2872.51,4.2,37.18,1,8,180,11,0,0,0,0,0,0,0,0,0,0,1,2016,16512,720
145,19488.14,45882,4177.23,4.2,24.05,1,5,337,11,0,0,0,0,0,0,0,0,0,0,1,2016,25889,510
146,15985.29,12022.3,4053.95,3.7,20.55,1,5,76,9,0,0,0,0,0,0,0,0,1,0,0,2016,16967,340
147,7883,23538,2236.31,3.6,19.65,1,5,47,9,0,0,0,0,0,0,0,0,1,0,0,2016,8713,540
148,12714.96,13003,3308.08,3.6,20.55,1,5,63,9,0,0,0,0,0,0,0,0,1,0,0,2016,16600,390
149,15645.94,11803,5955.32,3.6,25,0,6,55,9,0,0,0,0,0,0,0,0,1,0,0,2016,20814,370
150,18170.29,15615.15,4780.171,3.6,20.55,1,5,91,9,0,0,0,0,0,0,0,0,1,0,0,2016,17180,420
151,16318.79,12555,4947.97,3.6,20.81,1,5,51,9,0,0,0,0,0,0,0,0,1,0,0,2016,20635,400
152,18282.78,16090,5017.33,3.6,22.75,1,5,91,9,0,0,0,0,0,0,0,0,1,0,0,2016,17150,420
153,15851.09,14041.1,3695.28,3.6,22.7,1,5,58,9,0,0,0,0,0,0,0,0,1,0,0,2016,15500,365
154,11275.83,13100.8,2844.12,3.6,20.25,1,5,22,9,0,0,0,0,0,0,0,0,1,0,0,2016,13527,700
155,17917.47,17337,4986.13,3.6,22.75,1,5,90,9,0,0,0,0,0,0,0,0,1,0,0,2016,18208,420
156,8551.85,86349.9,3135.1,3.6,19.9,1,5,47,9,0,0,0,0,0,0,0,0,1,0,0,2016,9513,600
157,16623.19,14943.8,4667.78,3.6,24.3,1,5,80,9,0,0,0,0,0,0,0,0,1,0,0,2016,18388,330
158,8910.47,15508.9,3828.61,3.7,16.55,1,3,42,9,0,0,0,0,0,0,0,0,1,0,0,2016,10837,330
159,12947.2,17795,3537.97,3.6,16.5,1,4,74,9,0,0,0,0,0,0,0,0,1,0,0,2016,12690,365
160,11778,6501.1,2259.9,3.6,24.6,1,4,53,9,0,0,0,0,0,0,0,0,1,0,0,2016,14210,420
161,18569.47,16456,4312.55,4.2,19.8,1,5,66,9,0,0,0,0,0,0,0,0,1,0,0,2016,18297,375
162,15317.22,12505.8,4145.12,3.6,19.95,1,5,66,9,0,0,0,0,0,0,0,0,1,0,0,2016,17815,360
163,12926.12,14006,4216.68,3.6,20.1,1,5,55,9,0,0,0,0,0,0,0,0,1,0,0,2016,13451,390
164,5265.5,28945.6,2238.2,3.9,20.05,1,3,51,9,0,0,0,0,0,0,0,0,1,0,0,2016,7610,480
165,13694.56,15001,3864.05,3.6,20.9,1,5,72,9,0,0,0,0,0,0,0,0,1,0,0,2016,13259,420
166,10502.98,10624,3205.25,3.6,16.45,1,4,53,9,0,0,0,0,0,0,0,0,1,0,0,2016,13295,450
167,12069.41,12325,3301.85,3.6,20.1,1,5,42,9,0,0,0,0,0,0,0,0,1,0,0,2016,14184,400
168,10308.66,63333,3824.37,3.7,20.6,1,4,21,9,0,0,0,0,0,0,0,0,1,0,0,2016,14586,450
169,10894,21707,4114.87,3.7,16.65,1,4,56,9,0,0,0,0,0,0,0,0,1,0,0,2016,11049,390
170,15383.24,49440,5998.68,3.6,19.2,1,4,83,9,0,0,0,0,0,0,0,0,1,0,0,2016,23453,810
171,10378.1,12806.7,3585.56,3.7,15,1,4,49,9,0,0,0,0,0,0,0,0,1,0,0,2016,10557,350
172,11697.4,15474,3409.78,3.6,20.15,1,5,59,9,0,0,0,0,0,0,0,0,1,0,0,2016,12644,410
173,7076,6622.67,2028.54,3.9,55.3,1,13,69,9,0,0,0,0,0,0,0,0,1,0,0,2016,6772,600
174,11791,751255,2229.39,4.2,35.2,0,8,41,9,0,0,0,0,0,0,0,0,1,0,0,2016,13008,720
175,7075.01,160061,2358.36,4.5,21,0,5,24,9,0,0,0,0,0,0,0,0,1,0,0,2016,9257,1000
176,9556.54,4523.41,1403.81,4.2,53.2,1,13,48,9,0,0,0,0,0,0,0,0,1,0,0,2016,10659,800
177,6076,13227,2018.21,4.2,19.15,1,4,78,6,0,0,0,0,0,1,0,0,0,0,0,2016,6486,510
178,12685.7,9200,2757.85,4.2,27.6,1,6,132,6,0,0,0,0,0,1,0,0,0,0,0,2016,13657,660
179,2501.02,16996,975.03,3.6,13.2,0,3,22,6,0,0,0,0,0,1,0,0,0,0,0,2016,2760,240
180,5937.7,14146,3417.6,4.2,15.01,1,3,160,6,0,0,0,0,0,1,0,0,0,0,0,2016,7606,550
181,9913.85,30680,2726.49,3.3,31.2,1,8,31,10,0,0,0,0,0,0,0,0,0,1,0,2016,12760,720
182,1207.4,58323,1119.13,4.2,9.8,0,2,4,10,0,0,0,0,0,0,0,0,0,1,0,2016,1879,240
183,10271.16,92564,4965.77,4.2,16.5,1,4,137,10,0,0,0,0,0,0,0,0,0,1,0,2016,12859,720
184,2277.84,19400,1110.56,4.2,16.5,0,4,2,10,0,0,0,0,0,0,0,0,0,1,0,2016,3445,420
185,4423.25,55950.78,1204.34,4.2,29.58,1,4,247,7,0,0,0,0,0,0,1,0,0,0,0,2016,5948,450
186,11953.82,19957.16,5483.72,4.2,25.5,1,5,83,7,0,0,0,0,0,0,1,0,0,0,0,2016,9765,920
187,7945.82,70632.6,1728.13,4.2,29.15,2,4,20,8,0,0,0,0,0,0,0,1,0,0,0,2016,12198,600
188,6496.87,22984,4198.56,5.5,13.9,1,2,79,8,0,0,0,0,0,0,0,1,0,0,0,2016,9489,540
189,868.12,803705,981.89,4.6,14.7,0,2,107,8,0,0,0,0,0,0,0,1,0,0,0,2016,1269,240
190,12976.04,7383.4,3940.41,4.2,30.1,1,5,706,8,0,0,0,0,0,0,0,1,0,0,0,2016,18262,570
191,5570.51,10703.7,4342.8,4.2,13.85,1,3,77,1,1,0,0,0,0,0,0,0,0,0,0,2016,9399,420
192,3072.26,11155,1727.76,5,11.4,1,2,107,1,1,0,0,0,0,0,0,0,0,0,0,2016,4262,330
193,10979,28547.05,2726.44,4,35.45,1,8,116,4,0,0,0,1,0,0,0,0,0,0,0,2016,11704,600
194,6206.6,100978.1,1761.145,4.2,16.85,1,3,76,2,0,1,0,0,0,0,0,0,0,0,0,2016,6535,600
195,5113.98,100506,2648.6,4.8,23.7,1,3,55,2,0,1,0,0,0,0,0,0,0,0,0,2016,7081,480
196,27020,3195.177,22304.3,4.2,16.8,1,4,142,2,0,1,0,0,0,0,0,0,0,0,0,2016,23493,720
197,9970.75,4972,1766.04,3.9,43.2,0,10,42,2,0,1,0,0,0,0,0,0,0,0,0,2016,10194,1440
198,1783.63,6611.4,841.41,4.3,13.95,1,3,59,2,0,1,0,0,0,0,0,0,0,0,0,2016,2440,300
199,325,180095,325,4.2,8.75,0,1,5,2,0,1,0,0,0,0,0,0,0,0,0,2016,421,120
200,1809.12,2878.5,1157.66,3.6,17.57,1,4,45,2,0,1,0,0,0,0,0,0,0,0,0,2016,2926,540
201,704.14,10073.5,380.68,4.9,16.4,0,2,107,2,0,1,0,0,0,0,0,0,0,0,0,2016,1097,120
202,4346.86,9900,2575.84,4.2,15.4,0,3,36,2,0,1,0,0,0,0,0,0,0,0,0,2016,4895,365
203,3799.96,6610.08,1482.53,4.5,17.4,1,3,74,2,0,1,0,0,0,0,0,0,0,0,0,2016,4181,518
204,6105.76,16361.46,2231.84,4.2,14.95,1,3,75,2,0,1,0,0,0,0,0,0,0,0,0,2016,7550,540
205,4598.2,975496.7,1308.96,3.9,25.1,1,4,23,2,0,1,0,0,0,0,0,0,0,0,0,2016,6875,720
206,9269.19,29882.8,5327.19,7.8,24.5,1,3,42,2,0,1,0,0,0,0,0,0,0,0,0,2016,13407,300
207,3701.01,374113,902.32,3.9,23.4,1,5,107,2,0,1,0,0,0,0,0,0,0,0,0,2016,4261,600
208,12500,43323,7017.53,4.2,24.4,1,5,65,2,0,1,0,0,0,0,0,0,0,0,0,2016,17342,420
209,3742.36,6600,1922.8,3.9,16.3,1,3,28,2,0,1,0,0,0,0,0,0,0,0,0,2016,4865,365
210,2401.7,9330.3,755.27,4.2,18.45,1,3,51,1,1,0,0,0,0,0,0,0,0,0,0,2016,2342,240
211,6701.4,82041.96,6701.4,4.2,11.7,0,1,107,1,1,0,0,0,0,0,0,0,0,0,0,2016,6654,270
212,399.61,13886,399.61,6.2,6.2,0,1,107,1,1,0,0,0,0,0,0,0,0,0,0,2016,251,120
213,1708,30325,560.93,3.5,4.25,0,4,9,5,0,0,0,0,1,0,0,0,0,0,0,2016,2050,240
214,6985,12000,2164.29,3.3,28.3,0,7,104,5,0,0,0,0,1,0,0,0,0,0,0,2016,9094,900
215,972.94,62782.3,418.93,4.2,19.2,0,5,114,5,0,0,0,0,1,0,0,0,0,0,0,2016,1503,150
216,5195.49,3300,1889.92,4.2,13.1,1,3,21,5,0,0,0,0,1,0,0,0,0,0,0,2016,4885,300
217,2995.28,5159.53,1550.06,3.9,9.6,1,2,23,5,0,0,0,0,1,0,0,0,0,0,0,2016,4344,290
218,655.37,503528,264.12,3.6,21,0,3,3,5,0,0,0,0,1,0,0,0,0,0,0,2016,1407,150
219,3416.58,5054,1931.07,4.2,12.35,1,2,25,5,0,0,0,0,1,0,0,0,0,0,0,2016,4291,270
220,981.79,482,240.13,3.2,21,1,5,5,7,0,0,0,0,0,0,1,0,0,0,0,2016,2246,365
221,11734.92,11127,3503,4.2,20,1,3,202,7,0,0,0,0,0,0,1,0,0,0,0,2016,15481,630
222,12075,8243,3522.18,4.2,27.5,1,4,89,7,0,0,0,0,0,0,1,0,0,0,0,2016,16231,660
223,14213.46,8196,4267,4.2,27.1,1,5,134,7,0,0,0,0,0,0,1,0,0,0,0,2016,17700,660
224,14100.27,8086,4045.91,4.5,22.3,1,4,89,7,0,0,0,0,0,0,1,0,0,0,0,2016,15623,660
225,2302.8,4685,550.12,4.5,34.8,0,6,23,8,0,0,0,0,0,0,0,1,0,0,0,2016,3833,330
226,998.8,182990,311.46,4.7,21,0,4,24,10,0,0,0,0,0,0,0,0,0,1,0,2016,1632,300
227,19465.5,140956,11007,3.9,12.4,0,3,155,10,0,0,0,0,0,0,0,0,0,1,0,2016,24988,1080
228,2930,19701.85,2208,4.2,15,0,4,20,1,1,0,0,0,0,0,0,0,0,0,0,2016,3466,365
229,9908.17,37930.46,5854.57,6,16.5,0,3,112,11,0,0,0,0,0,0,0,0,0,0,1,2016,19070,480
230,17827.62,46280,7032.21,4.2,29.58,1,6,368,1,1,0,0,0,0,0,0,0,0,0,0,2016,13948,365
231,8058.32,2000,982.88,3.9,30.98,2,7,40,3,0,0,1,0,0,0,0,0,0,0,0,2017,8468,600
232,7800,16808.6,1362.21,4,11.65,3,2,121,3,0,0,1,0,0,0,0,0,0,0,0,2017,7222,720
233,792,1083.8,202.4,4.8,28.5,1,3,51,3,0,0,1,0,0,0,0,0,0,0,0,2017,1239,300
234,5189.82,7029.4,1481.39,3.9,19.8,1,4,104,3,0,0,1,0,0,0,0,0,0,0,0,2017,6473,480
235,4507.39,1703.5,994.5,4.2,18.75,1,4,30,3,0,0,1,0,0,0,0,0,0,0,0,2017,5016,450
236,759.15,1537,283.41,3.9,21,0,3,14,3,0,0,1,0,0,0,0,0,0,0,0,2017,1243,300
237,9360.74,4955,1101.36,3.9,30.7,1,7,100,3,0,0,1,0,0,0,0,0,0,0,0,2017,11927,660
238,1371,4958,708.96,3.9,21,1,2,14,3,0,0,1,0,0,0,0,0,0,0,0,2017,1648,420
239,4210.91,860.7,514.3,3.9,36.85,2,8,37,3,0,0,1,0,0,0,0,0,0,0,0,2017,5826,730
240,4856.98,2200.6,1096.84,4.2,18.93,1,4,28,3,0,0,1,0,0,0,0,0,0,0,0,2017,4807,450
241,3899.42,4774,951.65,3.6,14.846,2,4,40,3,0,0,1,0,0,0,0,0,0,0,0,2017,7970,365
242,1768.83,4102,661.01,3.9,13.6,1,3,69,3,0,0,1,0,0,0,0,0,0,0,0,2017,2605,365
243,2519.61,18067,871.92,3.9,13.69,0,3,53,3,0,0,1,0,0,0,0,0,0,0,0,2017,3970,365
244,9162.06,9927.9,2543.59,3.9,18.9,1,4,132,3,0,0,1,0,0,0,0,0,0,0,0,2017,10380,660
245,2426.39,2393,699.9,4,21.9,1,4,27,3,0,0,1,0,0,0,0,0,0,0,0,2017,4615,420
246,1240.26,9597,459.91,3.9,13.65,0,3,4,3,0,0,1,0,0,0,0,0,0,0,0,2017,1780,180
247,1892.24,2129.3,465.61,4.5,16.1,1,4,40,3,0,0,1,0,0,0,0,0,0,0,0,2017,2224,540
248,9917,11570,2169.39,3.9,22.5,1,5,143,3,0,0,1,0,0,0,0,0,0,0,0,2017,9939,720
249,2354.58,3390,403.17,3.9,22.85,1,5,79,3,0,0,1,0,0,0,0,0,0,0,0,2017,3275,365
250,4991.11,4679,1408.94,4.8,28.5,1,6,51,3,0,0,1,0,0,0,0,0,0,0,0,2017,6760,547
251,1444.63,3307,567.95,3.9,12.55,0,3,41,3,0,0,1,0,0,0,0,0,0,0,0,2017,3272,240
252,968.96,1984,603.91,4.15,13.45,0,2,19,3,0,0,1,0,0,0,0,0,0,0,0,2017,1962,180
253,1210.66,1638,332.38,3.9,12,1,3,28,3,0,0,1,0,0,0,0,0,0,0,0,2017,1556,270
254,8374.15,13818.1,1068.76,4.2,29.8,2,6,32,3,0,0,1,0,0,0,0,0,0,0,0,2017,8378,720
255,1827.39,1426.3,537.61,6,18.1,1,3,29,3,0,0,1,0,0,0,0,0,0,0,0,2017,1845,245
256,3271,6921.23,1939.47,4.8,14.9,1,3,20,3,0,0,1,0,0,0,0,0,0,0,0,2017,4998,300
257,3841.52,5425.2,1262.08,3.9,16.95,1,4,53,3,0,0,1,0,0,0,0,0,0,0,0,2017,5498,360
258,24732.58,333750,6375.4,4.5,23.32,1,4,193,11,0,0,0,0,0,0,0,0,0,0,1,2017,28104,943
259,10742.92,4836.38,1410.76,3.9,34.25,1,8,143,11,0,0,0,0,0,0,0,0,0,0,1,2017,12175,600
260,9714.34,12214,3212.64,3.9,19.05,1,4,49,9,0,0,0,0,0,0,0,0,1,0,0,2017,11662,390
261,11653.84,13998,4065.34,2.6,18.5,1,4,40,9,0,0,0,0,0,0,0,0,1,0,0,2017,12800,470
262,10926.54,11000,3413.99,3.6,17.5,1,4,49,9,0,0,0,0,0,0,0,0,1,0,0,2017,15198,420
263,11234.65,12098.8,3264.34,3.6,22.05,1,5,57,9,0,0,0,0,0,0,0,0,1,0,0,2017,12705,365
264,12114.54,15000,4222.64,3.6,16.95,1,4,49,9,0,0,0,0,0,0,0,0,1,0,0,2017,13865,390
265,13620.71,15000,3825.56,3.6,20.65,1,5,68,9,0,0,0,0,0,0,0,0,1,0,0,2017,14384,420
266,9433.74,13000,3669.18,3.6,16.5,1,4,39,9,0,0,0,0,0,0,0,0,1,0,0,2017,9874,360
267,10789.6,17177,3631.99,3.6,18.6,1,4,77,9,0,0,0,0,0,0,0,0,1,0,0,2017,11325,360
268,12957.05,12000,3614.21,3.6,21.12,1,5,50,9,0,0,0,0,0,0,0,0,1,0,0,2017,16065,390
269,12343.94,12972,3321.76,3.6,21.5,1,5,48,9,0,0,0,0,0,0,0,0,1,0,0,2017,13228,360
270,9640.74,19715,2731.27,3.6,20,1,5,49,9,0,0,0,0,0,0,0,0,1,0,0,2017,12718,610
271,14639.4,13083,4140.62,3.6,23.1,1,5,73,9,0,0,0,0,0,0,0,0,1,0,0,2017,14442,360
272,11927.4,15076,3781.7,3.6,19.2,1,4,51,9,0,0,0,0,0,0,0,0,1,0,0,2017,15588,420
273,10930.45,15147,3615.08,3.6,16.45,1,4,65,9,0,0,0,0,0,0,0,0,1,0,0,2017,10988,420
274,9179.83,10512,3325.82,3.6,18.75,1,4,41,9,0,0,0,0,0,0,0,0,1,0,0,2017,12557,480
275,11364.43,13737.4,3704.72,3.6,17.85,1,4,54,9,0,0,0,0,0,0,0,0,1,0,0,2017,10318,330
276,12221.36,15319,4060.48,3.9,19.8,1,4,52,9,0,0,0,0,0,0,0,0,1,0,0,2017,19793,450
277,11846.73,12411.6,3135.83,3.4,18.9,1,5,60,9,0,0,0,0,0,0,0,0,1,0,0,2017,11955,334
278,12566.86,13006.8,3594.94,3.6,20.4,1,5,52,9,0,0,0,0,0,0,0,0,1,0,0,2017,15699,380
279,12533.61,8806,4258.43,3.6,19.8,2,4,55,9,0,0,0,0,0,0,0,0,1,0,0,2017,11049,510
280,12813.85,13000,3840.47,3.6,20.5,1,5,62,9,0,0,0,0,0,0,0,0,1,0,0,2017,17442,420
281,11230.25,13100.6,3639.32,3.6,19.8,1,5,74,9,0,0,0,0,0,0,0,0,1,0,0,2017,13360,400
282,11723,13002,4357.72,4,28.8,1,4,113,9,0,0,0,0,0,0,0,0,1,0,0,2017,12417,450
283,13764.75,17961,3401.18,3.6,19.4,1,5,80,9,0,0,0,0,0,0,0,0,1,0,0,2017,14087,365
284,9137.81,13000,3460.01,3.6,12.75,1,3,34,9,0,0,0,0,0,0,0,0,1,0,0,2017,9670,360
285,15499.24,16695,4537.69,3.6,20.55,1,5,78,9,0,0,0,0,0,0,0,0,1,0,0,2017,14162,400
286,11474.31,12914,3640.4,3.6,20.1,0,5,58,9,0,0,0,0,0,0,0,0,1,0,0,2017,13020,390
287,10774.87,12508.3,3642.46,3.6,19.6,1,4,45,9,0,0,0,0,0,0,0,0,1,0,0,2017,14336,380
288,14909.5,36959,5246.81,3.6,19.2,1,4,52,9,0,0,0,0,0,0,0,0,1,0,0,2017,18475,840
289,12572.33,56688,7840.13,3.6,12.45,1,3,57,9,0,0,0,0,0,0,0,0,1,0,0,2017,16418,560
290,25609.73,30001.6,7211.26,3.6,17.55,1,4,130,9,0,0,0,0,0,0,0,0,1,0,0,2017,25814,450
291,11869.55,14847,5713.59,3.9,21.6,1,5,112,9,0,0,0,0,0,0,0,0,1,0,0,2017,11875,470
292,9055.12,14467.4,3716.92,3.6,15.45,1,3,37,9,0,0,0,0,0,0,0,0,1,0,0,2017,11367,410
293,10211.58,12510.4,3049.05,3.6,16.9,1,4,40,9,0,0,0,0,0,0,0,0,1,0,0,2017,12427,390
294,4347.02,29232,1127.41,4.2,20.73,1,4,48,9,0,0,0,0,0,0,0,0,1,0,0,2017,5651,306
295,14300.14,80017,4325,4.2,18.4,2,4,97,9,0,0,0,0,0,0,0,0,1,0,0,2017,14890,600
296,4885.01,9631,1996.77,3.9,15.7,0,3,30,9,0,0,0,0,0,0,0,0,1,0,0,2017,5187,365
297,15076,503528,2372,4,36.55,1,8,72,9,0,0,0,0,0,0,0,0,1,0,0,2017,15471,1200
298,7000,7550,2554,3.9,24.03,0,6,80,9,0,0,0,0,0,0,0,0,1,0,0,2017,9959,1800
299,9966,6600,1930,3.3,30.15,1,7,49,9,0,0,0,0,0,0,0,0,1,0,0,2017,11143,540
300,13788.78,230507,2409.6,4.2,25.73,2,5,126,6,0,0,0,0,0,1,0,0,0,0,0,2017,11358,990
301,12257,3049.21,1414.98,4.1,34.77,3,7,80,6,0,0,0,0,0,1,0,0,0,0,0,2017,12654,730
302,6413.23,19800,2012.28,4,20.15,1,5,99,6,0,0,0,0,0,1,0,0,0,0,0,2017,7874,540
303,14715.67,4042,1760,4.2,37.35,3,7,112,6,0,0,0,0,0,1,0,0,0,0,0,2017,13873,720
304,12807,11970,3371,4.2,23.2,1,5,175,6,0,0,0,0,0,1,0,0,0,0,0,2017,14089,690
305,15451,17480,3227,3.9,24,2,6,206,6,0,0,0,0,0,1,0,0,0,0,0,2017,16282,720
306,10192,13210,2597.86,4.2,26.8,1,5,177,6,0,0,0,0,0,1,0,0,0,0,0,2017,11409,540
307,11526.31,4958,1625.93,4,32.1,1,7,128,6,0,0,0,0,0,1,0,0,0,0,0,2017,13271,730
308,16629.27,18000,4406.54,4,23.5,1,5,103,10,0,0,0,0,0,0,0,0,0,1,0,2017,22101,420
309,4174.35,32355,2859.99,3.9,11.5,1,2,23,10,0,0,0,0,0,0,0,0,0,1,0,2017,4963,540
310,6021.51,10475,2387.44,3.9,20.5,1,4,61,10,0,0,0,0,0,0,0,0,0,1,0,2017,7287,480
311,536.92,1890,1129.02,3.3,20.3,1,4,8,10,0,0,0,0,0,0,0,0,0,1,0,2017,2130,150
312,2880.61,9715,1215.4,3.3,16.54,1,4,40,10,0,0,0,0,0,0,0,0,0,1,0,2017,4829,270
313,14526.28,42263,6826.2,6.6,22.9,1,3,376,10,0,0,0,0,0,0,0,0,0,1,0,2017,18526,540
314,6449.95,53870.5,1900.87,5,21.2,1,4,35,7,0,0,0,0,0,0,1,0,0,0,0,2017,9825,540
315,4438,4423,1021.41,4.2,17.79,1,4,51,7,0,0,0,0,0,0,1,0,0,0,0,2017,5461,450
316,7726.03,4582,2348.02,4.2,22.26,2,5,46,8,0,0,0,0,0,0,0,1,0,0,0,2017,8670,600
317,2406.6,179561,1042.02,4,21,0,3,107,1,1,0,0,0,0,0,0,0,0,0,0,2017,3110,210
318,2680.16,20000,1314.3,4.8,15,1,2,107,1,1,0,0,0,0,0,0,0,0,0,0,2017,4643,300
319,6927.21,49500,2735.04,4.2,15.75,1,3,56,1,1,0,0,0,0,0,0,0,0,0,0,2017,12888,660
320,2872.09,48769,1861.83,5,12.83,0,2,22,1,1,0,0,0,0,0,0,0,0,0,0,2017,4034,365
321,6121.03,2200,1904.65,6,22.95,1,4,107,1,1,0,0,0,0,0,0,0,0,0,0,2017,7187,540
322,3092.97,28514,1225.93,5.2,6.3,2,1,121,1,1,0,0,0,0,0,0,0,0,0,0,2017,5489,450
323,4898.62,9539,1798.7,5.4,16.2,1,2,44,1,1,0,0,0,0,0,0,0,0,0,0,2017,6681,450
324,18593.5,15000,7388.5,5.4,26.65,1,4,172,1,1,0,0,0,0,0,0,0,0,0,0,2017,28622,720
325,6567.47,17228,1902.82,4.2,25.3,1,5,155,4,0,0,0,1,0,0,0,0,0,0,0,2017,7446,607
326,10675.2,32896,5897.97,4.5,18.85,0,4,109,2,0,1,0,0,0,0,0,0,0,0,0,2017,12306,540
327,4263.41,13525.7,1472.28,4.2,20,0,4,44,2,0,1,0,0,0,0,0,0,0,0,0,2017,6038,420
328,1194.4,933.8,424.58,3.3,19.12,1,5,10,2,0,1,0,0,0,0,0,0,0,0,0,2017,1719,280
329,9970.11,9186,1961.78,4.2,27.5,1,6,92,2,0,1,0,0,0,0,0,0,0,0,0,2017,14290,540
330,996.29,165290,762.827,3.5,20.3,0,2,107,2,0,1,0,0,0,0,0,0,0,0,0,2017,1852,150
331,10134.67,95245,3029.25,4.2,22.4,1,5,102,2,0,1,0,0,0,0,0,0,0,0,0,2017,11379,720
332,19366.08,10004,3739.63,4.5,30.78,1,6,114,2,0,1,0,0,0,0,0,0,0,0,0,2017,18352,600
333,8381.35,4000.3,2563.99,3.9,27,1,6,75,2,0,1,0,0,0,0,0,0,0,0,0,2017,9257,540
334,1861.63,2980,1077.25,4.8,12.9,1,2,19,2,0,1,0,0,0,0,0,0,0,0,0,2017,3561,300
335,2524.38,285283.07,1314.74,4.5,13.75,1,2,19,2,0,1,0,0,0,0,0,0,0,0,0,2017,4421,360
336,496.88,7103,270.81,4.8,10.6,0,2,107,2,0,1,0,0,0,0,0,0,0,0,0,2017,681,135
337,6300.01,17255,2758.59,4.3,15.2,1,3,93,2,0,1,0,0,0,0,0,0,0,0,0,2017,8581,480
338,919.01,9326,612.41,3.6,10.5,0,2,11,2,0,1,0,0,0,0,0,0,0,0,0,2017,1224,180
339,5327.92,46426.8,2585.9,5,16,1,3,120,2,0,1,0,0,0,0,0,0,0,0,0,2017,9554,600
340,1526.18,185310,886.28,4.2,13.5,1,2,8,2,0,1,0,0,0,0,0,0,0,0,0,2017,3348,365
341,940.5,6433,943.1,8.1,10.5,0,1,6,2,0,1,0,0,0,0,0,0,0,0,0,2017,2596,180
342,3799.05,2975.2,1450.03,4.8,18,1,3,34,2,0,1,0,0,0,0,0,0,0,0,0,2017,5231,660
343,26631.15,66120,25700.96,4.2,19.9,1,3,465,1,1,0,0,0,0,0,0,0,0,0,0,2017,15538,510
344,18820.29,7273,2211.91,4.2,53.15,1,10,152,1,1,0,0,0,0,0,0,0,0,0,0,2017,18618,610
345,15856,8194,2733.05,4.2,26.75,1,6,150,1,1,0,0,0,0,0,0,0,0,0,0,2017,15038,660
346,7001.84,28150.56,6185.35,3.8,35,0,2,38,1,1,0,0,0,0,0,0,0,0,0,0,2017,17123,570
347,3846.23,9642.2,2132.87,4,11.95,1,3,23,1,1,0,0,0,0,0,0,0,0,0,0,2017,3649,300
348,861.08,18803,376.58,4.2,13.8,1,2,107,5,0,0,0,0,1,0,0,0,0,0,0,2017,1411,180
349,10233.84,133000,2122.51,3.5,24.5,1,6,107,5,0,0,0,0,1,0,0,0,0,0,0,2017,10826,390
350,5912.31,67038.4,1740.69,3.3,20.7,1,4,121,5,0,0,0,0,1,0,0,0,0,0,0,2017,6122,540
351,753.8,126506.2,261.51,3,11.2,0,3,10,5,0,0,0,0,1,0,0,0,0,0,0,2017,1075,180
352,3605.09,3287,1298.78,3.6,15.6,1,3,18,5,0,0,0,0,1,0,0,0,0,0,0,2017,4044,280
353,2679.61,803705,1156.44,3.9,14.8,1,3,10,5,0,0,0,0,1,0,0,0,0,0,0,2017,3058,480
354,6614.51,5000.5,1810.04,3.6,17.85,1,4,22,5,0,0,0,0,1,0,0,0,0,0,0,2017,7981,320
355,2935.61,52777,848.28,3.6,16.95,0,4,107,5,0,0,0,0,1,0,0,0,0,0,0,2017,4543,260
356,2005.46,2606,1034.62,3.7,11.13,0,2,12,5,0,0,0,0,1,0,0,0,0,0,0,2017,2457,300
357,2607.83,1.748,945.27,3.9,13.05,1,3,13,5,0,0,0,0,1,0,0,0,0,0,0,2017,3033,300
358,19915.21,5322,3399.29,4.2,17.8,3,3,126,7,0,0,0,0,0,0,1,0,0,0,0,2017,24622,700
359,9571.23,11168,1324.2,3.9,19.7,2,4,162,7,0,0,0,0,0,0,1,0,0,0,0,2017,10945,510
360,12031.26,3545.4,1744.58,4,20.5,3,4,140,7,0,0,0,0,0,0,1,0,0,0,0,2017,15369,600
361,1716.24,16061,650.23,3.8,11,1,2,9,7,0,0,0,0,0,0,1,0,0,0,0,2017,3254,300
362,1317.73,1460.09,462.44,3.5,12.6,1,3,14,10,0,0,0,0,0,0,0,0,0,1,0,2017,1648,330
363,3750,150348,13076.72,3.6,21,0,2,107,1,1,0,0,0,0,0,0,0,0,0,0,2017,4084,365
364,4946.93,6500,3101.65,4.5,19.6,0,3,52,8,0,0,0,0,0,0,0,1,0,0,0,2018,7895,630
365,20389.68,21000.03,3782.52,4.2,41.2,1,9,198,3,0,0,1,0,0,0,0,0,0,0,0,2018,21372,600
366,15933.49,45621.4,10852.09,8,16.7,1,2,46,1,1,0,0,0,0,0,0,0,0,0,0,2018,16632,180
367,1747.63,231000,1685.92,4.95,9.87,0,2,24,2,0,1,0,0,0,0,0,0,0,0,0,2018,2479,365
368,3746.37,33902,1572.74,4.4,19.8,1,3,89,4,0,0,0,1,0,0,0,0,0,0,0,2018,5328,510
369,993.33,1880,568.26,3.9,16.7,0,3,13,3,0,0,1,0,0,0,0,0,0,0,0,2018,1650,270
370,2764.85,2400,1448.5,4.5,13.9,1,2,9,2,0,1,0,0,0,0,0,0,0,0,0,2018,4798,365
371,4193.82,13951,2131.51,2.7,12.9,1,2,17,2,0,1,0,0,0,0,0,0,0,0,0,2018,5465,270
372,5879.3,34227,2471.52,4.2,17.92,1,4,64,3,0,0,1,0,0,0,0,0,0,0,0,2018,8900,540
373,1375.47,327299.5,808.14,6.5,9.6,1,2,6,2,0,1,0,0,0,0,0,0,0,0,0,2018,1926,240
374,5507.55,4752.7,998.87,4.2,32.1,1,6,107,3,0,0,1,0,0,0,0,0,0,0,0,2018,5360,488
375,6510.88,33529,6013.36,6,15.33,0,2,35,1,1,0,0,0,0,0,0,0,0,0,0,2018,5145,210
376,2308.43,490500,1142.95,4.2,13.4,0,3,8,2,0,1,0,0,0,0,0,0,0,0,0,2018,3256,210
377,8134.29,10000,1626.65,4.2,23.45,1,5,130,3,0,0,1,0,0,0,0,0,0,0,0,2018,7968,510
378,10427,10000,2015,2.7,31,1,6,159,3,0,0,1,0,0,0,0,0,0,0,0,2018,11138,540
379,2622.23,4318,579.31,4,18.85,1,4,69,3,0,0,1,0,0,0,0,0,0,0,0,2018,3042,330
380,9848.08,8969.2,2930.88,4.2,24,1,4,95,2,0,1,0,0,0,0,0,0,0,0,0,2018,10747,540
381,10849,12116,2415.19,4,30.16,1,7,154,3,0,0,1,0,0,0,0,0,0,0,0,2018,12582,630
382,4892.34,3733,1311.2,4.3,17.65,1,4,46,3,0,0,1,0,0,0,0,0,0,0,0,2018,4939,608
383,13690.41,14008,4342.64,3.6,16.8,1,4,56,9,0,0,0,0,0,0,0,0,1,0,0,2018,11598,370
384,2399.99,1653,353.74,4.2,24.3,1,6,37,3,0,0,1,0,0,0,0,0,0,0,0,2018,3662,365
385,4795.53,15924,2689.9,3.9,11,1,2,39,2,0,1,0,0,0,0,0,0,0,0,0,2018,7150,390
386,15916.91,32348.4,2640.6,4.2,26.95,2,5,282,3,0,0,1,0,0,0,0,0,0,0,0,2018,17589,720
387,4152.85,15683,2289.57,3.6,13,0,3,18,5,0,0,0,0,1,0,0,0,0,0,0,2018,5418,540
388,7779,15050.43,3672.11,3.9,12.56,1,3,185,2,0,1,0,0,0,0,0,0,0,0,0,2018,11782,720
389,12298.41,36090,3847.34,3.9,21.9,1,5,182,2,0,1,0,0,0,0,0,0,0,0,0,2018,13605,540
390,9978.65,21183,4855.3,4.2,15.15,0,3,110,3,0,0,1,0,0,0,0,0,0,0,0,2018,10130,450
391,7616.49,16574,3261.53,5.4,21.1,1,3,76,1,1,0,0,0,0,0,0,0,0,0,0,2018,12299,540
392,10515,9785,2856,3.9,18.8,1,4,47,5,0,0,0,0,1,0,0,0,0,0,0,2018,10511,600
393,9562.77,79580,4543.95,4.8,18,1,3,226,3,0,0,1,0,0,0,0,0,0,0,0,2018,12264,540
394,5795.73,9617.42,2349.65,6.6,15.9,1,2,23,2,0,1,0,0,0,0,0,0,0,0,0,2018,7665,480
395,11553.9,12997.6,3718.64,3.9,17.3,1,4,60,9,0,0,0,0,0,0,0,0,1,0,0,2018,12571,390
396,13005.58,14019.3,4526,3.9,19.12,1,4,46,9,0,0,0,0,0,0,0,0,1,0,0,2018,14328,420
397,14159.29,14206.3,4714.76,3.6,19.65,1,5,47,2,0,1,0,0,0,0,0,0,0,0,0,2018,14736,420
398,17655.56,12937.7,4140.78,3.6,20.1,1,5,82,2,0,1,0,0,0,0,0,0,0,0,0,2018,15211,390
399,3463.76,30199,2041.32,4.6,13.4,1,2,19,2,0,1,0,0,0,0,0,0,0,0,0,2018,5321,390
400,2768.6,5959,786.36,4.2,17.6,1,4,43,3,0,0,1,0,0,0,0,0,0,0,0,2018,3521,300
401,8684.2,291144,2884.25,3.9,21.45,0,5,39,2,0,1,0,0,0,0,0,0,0,0,0,2018,11425,180
402,12073.67,5751,3183.31,3.3,13.8,2,3,475,1,1,0,0,0,0,0,0,0,0,0,0,2018,9103,12
403,8469.54,49896,3476.35,4.5,14.25,1,3,74,3,0,0,1,0,0,0,0,0,0,0,0,2018,10679,600
404,20761.76,18182.1,2677.85,4.2,34.97,2,7,238,3,0,0,1,0,0,0,0,0,0,0,0,2018,21728,730
405,2922.81,6239,1473.73,4,13.7,1,3,107,7,0,0,0,0,0,0,1,0,0,0,0,2018,5289,730
406,13055.93,15017,4135.88,3.9,16.8,0,4,69,9,0,0,0,0,0,0,0,0,1,0,0,2018,12704,360
407,10859.45,22002,2693.06,4.2,19.6,1,4,145,5,0,0,0,0,1,0,0,0,0,0,0,2018,21328,840
408,2685.69,37117,1765.28,5,18.8,0,3,28,2,0,1,0,0,0,0,0,0,0,0,0,2018,3599,270
409,5443.49,5701.93,1152.62,4.5,25.73,1,5,55,9,0,0,0,0,0,0,0,0,1,0,0,2018,6344,540
410,14174.43,31062,6203.46,4.5,28.05,0,6,372,3,0,0,1,0,0,0,0,0,0,0,0,2018,29859,720
411,2537,8000,1560.85,5.2,13.9,1,2,37,2,0,1,0,0,0,0,0,0,0,0,0,2018,2884,240
412,3164,3242,1710,4,14,0,3,14,4,0,0,0,1,0,0,0,0,0,0,0,2018,3498,20
413,2039.87,4405.25,1386.59,4.2,8.72,0,2,15,9,0,0,0,0,0,0,0,0,1,0,0,2018,3042,90
414,2968.68,21719,2049.88,7,10.4,1,1,22,2,0,1,0,0,0,0,0,0,0,0,0,2018,4940,240
415,3668.68,6614.2,3136.78,4,9.7,0,2,13,2,0,1,0,0,0,0,0,0,0,0,0,2018,1950,200
416,6374.89,55950.78,669.33,3,41.75,2,12,17,5,0,0,0,0,1,0,0,0,0,0,0,2018,9753,630
417,15278.67,15000,4858.55,3.6,21.75,1,4,76,2,0,1,0,0,0,0,0,0,0,0,0,2018,18587,480
418,1651.93,263198.4,572.7,3.9,14.2,0,4,11,10,0,0,0,0,0,0,0,0,0,1,0,2018,2296,330
419,13603.78,16354,4869.63,3.9,18.94,1,4,51,9,0,0,0,0,0,0,0,0,1,0,0,2018,15610,420
420,2423.07,1796,571.17,3.9,24.3,0,5,40,3,0,0,1,0,0,0,0,0,0,0,0,2018,4076,365
421,14472.15,14790.9,6339.1,3.6,20.2,0,4,55,9,0,0,0,0,0,0,0,0,1,0,0,2018,17730,410
422,8490.61,15000,3513.65,5.4,22.3,1,4,65,2,0,1,0,0,0,0,0,0,0,0,0,2018,12915,670
423,11305.52,48823,48823,5,16.85,1,3,71,1,1,0,0,0,0,0,0,0,0,0,0,2018,13697,490
424,9180.65,14006.6,3193.56,3.6,16.5,1,4,52,2,0,1,0,0,0,0,0,0,0,0,0,2018,12383,400
425,22575.91,32574.7,9084.85,3.9,11.7,1,3,155,2,0,1,0,0,0,0,0,0,0,0,0,2018,27642,120
426,10726.7,11472.9,3534.38,3.8,17.1,1,4,63,9,0,0,0,0,0,0,0,0,1,0,0,2018,14030,420
427,12002.65,17442.76,2885.24,4.2,29,1,5,61,7,0,0,0,0,0,0,1,0,0,0,0,2018,12752,2160
428,1904.32,21216,1419.74,3.9,13.9,1,2,16,1,1,0,0,0,0,0,0,0,0,0,0,2018,3499,365
429,13949.92,13002.7,3839.52,3.6,20.75,1,5,56,9,0,0,0,0,0,0,0,0,1,0,0,2018,17506,420
430,16177.92,223000,2790.84,4.5,17.13,2,3,198,3,0,0,1,0,0,0,0,0,0,0,0,2018,24864,1080
431,10971.06,13001.9,3509.9,3.6,17.3,1,4,49,9,0,0,0,0,0,0,0,0,1,0,0,2018,16027,400
432,5990.38,2300,1253.93,4.5,36.2,1,7,54,2,0,1,0,0,0,0,0,0,0,0,0,2018,7665,600
433,10165.96,15031,2665.34,3.9,20.6,1,5,65,9,0,0,0,0,0,0,0,0,1,0,0,2018,13925,420
434,11892.33,24858,4671.26,5.4,19.28,1,4,122,2,0,1,0,0,0,0,0,0,0,0,0,2018,18020,730
435,7008.96,490500,2305.73,4.2,19.5,2,4,774,2,0,1,0,0,0,0,0,0,0,0,0,2018,8091,270
436,2989.12,7821.58,1060.57,4,17.8,1,3,59,3,0,0,1,0,0,0,0,0,0,0,0,2018,3975,360
437,2940.87,5007,2084.06,3.4,9.18,0,2,22,2,0,1,0,0,0,0,0,0,0,0,0,2018,5161,320
438,16782.23,13030.2,4441.62,7.2,38.3,0,5,112,1,1,0,0,0,0,0,0,0,0,0,0,2018,22766,600
439,5440.96,5270,2599.72,4.5,19.8,1,4,66,8,0,0,0,0,0,0,0,1,0,0,0,2018,12489,600
440,12541.81,15999.8,3425.9,3.8,17.55,1,4,87,2,0,1,0,0,0,0,0,0,0,0,0,2018,15554,420
441,6911.17,22011.6,6429.96,5,30.5,0,2,23,1,1,0,0,0,0,0,0,0,0,0,0,2018,17500,450
442,4126.55,5000,1639.59,5.4,17.25,1,3,45,3,0,0,1,0,0,0,0,0,0,0,0,2018,7520,240
443,4428.5,101972,1839.03,4.3,18.6,1,3,192,2,0,1,0,0,0,0,0,0,0,0,0,2018,7265,540
444,4494.03,52032,2261.88,5,12,1,2,114,1,1,0,0,0,0,0,0,0,0,0,0,2018,7699,470
445,4890.35,6783,1174.16,4.5,21.6,1,4,80,3,0,0,1,0,0,0,0,0,0,0,0,2018,6667,540
446,10687.87,16110,2620.44,3.9,22.8,1,5,178,6,0,0,0,0,0,1,0,0,0,0,0,2018,13829,630
447,2805.41,202215,1117.64,4.2,17.8,1,3,40,7,0,0,0,0,0,0,1,0,0,0,0,2018,4802,360
448,2856.82,10890,1294.58,4.7,22,0,4,30,1,1,0,0,0,0,0,0,0,0,0,0,2018,5878,420
449,6270.53,104406.9,2276.06,4.2,19,1,4,4,2,0,1,0,0,0,0,0,0,0,0,0,2018,10046,365
450,10496.63,419341,1759.64,4.2,49.1,1,10,13,2,0,1,0,0,0,0,0,0,0,0,0,2018,13229,720
451,3385.4,1271686,3385.4,7.5,10.3,0,1,107,1,1,0,0,0,0,0,0,0,0,0,0,2018,2518,180
452,2966.18,2645.1,837.51,3.6,18.1,1,4,50,3,0,0,1,0,0,0,0,0,0,0,0,2018,3677,365
453,4697.67,10000.4,2370.67,4.9,11.2,1,2,71,2,0,1,0,0,0,0,0,0,0,0,0,2018,5892,360
454,2697.74,4806,1450.67,3.6,15,0,3,14,9,0,0,0,0,0,0,0,0,1,0,0,2018,3371,210
455,10140.76,25963,3551.89,3.8,26.67,1,6,64,2,0,1,0,0,0,0,0,0,0,0,0,2018,21870,608
456,9992.54,15374.4,3488.86,3.6,18.15,1,4,42,2,0,1,0,0,0,0,0,0,0,0,0,2018,14842,430
457,2085.46,19497.7,1176.16,4.2,15,0,3,22,2,0,1,0,0,0,0,0,0,0,0,0,2018,3664,365
458,7668.08,171254,1543.57,3.9,35.8,0,8,39,2,0,1,0,0,0,0,0,0,0,0,0,2018,9375,1095
459,4884,2909.5,1646.51,4.2,16.8,1,3,48,3,0,0,1,0,0,0,0,0,0,0,0,2018,6932,540
460,8307.86,30560,3399.61,3.75,17.55,1,3,66,9,0,0,0,0,0,0,0,0,1,0,0,2018,11782,430
461,5103,175610,2594.08,6,25.2,1,3,121,8,0,0,0,0,0,0,0,1,0,0,0,2018,12805,540
462,3648.69,130927,1371.83,3.8,15.15,0,3,107,2,0,1,0,0,0,0,0,0,0,0,0,2018,4895,330
463,7711.65,7197.37,2009.89,3.9,21.5,1,4,34,9,0,0,0,0,0,0,0,0,1,0,0,2018,10204,520
464,5326.8,44329,1880.99,3.9,24.5,1,4,79,2,0,1,0,0,0,0,0,0,0,0,0,2018,8241,530
465,6752.1,27492,5200.95,4.2,15.07,0,2,37,1,1,0,0,0,0,0,0,0,0,0,0,2018,6868,270
466,13175.44,15091.2,6956.56,3.3,15,1,3,195,7,0,0,0,0,0,0,1,0,0,0,0,2018,15336,740
467,3944.42,63071.2,921.71,3.3,22.9,1,6,25,5,0,0,0,0,1,0,0,0,0,0,0,2018,6747,335
468,16650.12,18071,4567.12,3.9,20.54,1,5,84,9,0,0,0,0,0,0,0,0,1,0,0,2018,16518,410
469,4339.04,4445.8,1441.55,3.8,22.42,1,5,22,2,0,1,0,0,0,0,0,0,0,0,0,2018,4631,450
470,2457.91,9549,1470.38,4.2,15.2,0,3,24,2,0,1,0,0,0,0,0,0,0,0,0,2018,3521,180
471,2522.38,15828.6,1805.7,3.6,12.2,0,3,107,1,1,0,0,0,0,0,0,0,0,0,0,2018,3141,240
472,7606.22,12180,3531.97,3.9,20.9,0,4,93,2,0,1,0,0,0,0,0,0,0,0,0,2018,8410,365
473,2654.26,31663,1843.22,3.9,9.3,0,2,55,2,0,1,0,0,0,0,0,0,0,0,0,2018,4068,230
474,10268.29,60222.9,4553.38,5.8,18,1,2,167,1,1,0,0,0,0,0,0,0,0,0,0,2018,21341,690
475,8051.41,15850.8,1594.89,4.5,27.45,1,5,50,3,0,0,1,0,0,0,0,0,0,0,0,2018,8775,570
476,3977.9,3065.7,923.81,4,19.3,1,4,66,3,0,0,1,0,0,0,0,0,0,0,0,2018,4818,365
477,12226.07,36500,7206.02,4.1,16.05,1,2,50,9,0,0,0,0,0,0,0,0,1,0,0,2018,20737,390
478,6919.4,32371,1630.99,4.8,26.1,1,5,132,2,0,1,0,0,0,0,0,0,0,0,0,2018,9165,540
479,6008.46,9966,969.3,4.5,9,2,2,51,9,0,0,0,0,0,0,0,0,1,0,0,2018,10485,700
480,6630.13,552011,1498.97,3.6,23.75,1,6,13,2,0,1,0,0,0,0,0,0,0,0,0,2018,9260,900
481,10497.89,989860,4094.27,5.4,24.6,1,4,4,2,0,1,0,0,0,0,0,0,0,0,0,2018,12107,800
482,1652.2,4803,461.92,4.2,17.93,1,4,22,3,0,0,1,0,0,0,0,0,0,0,0,2018,2029,365
483,12103.61,968691,4471.26,4.3,27.1,1,4,38,9,0,0,0,0,0,0,0,0,1,0,0,2018,14333,900
484,6677.07,16670,3823.62,5.6,12.1,1,2,149,8,0,0,0,0,0,0,0,1,0,0,0,2018,13712,600
485,7144.05,167989,1958.75,4.2,18,1,4,25,10,0,0,0,0,0,0,0,0,0,1,0,2018,10524,480
486,8863.85,7102,169.96,3,5.2,2,1,23,7,0,0,0,0,0,0,1,0,0,0,0,2018,12811,780
487,4982.88,6596,1436.9,3.9,17.1,1,4,29,9,0,0,0,0,0,0,0,0,1,0,0,2018,6882,600
488,12564.28,10763,4061.25,5.2,21.2,1,4,117,3,0,0,1,0,0,0,0,0,0,0,0,2018,19145,660
489,6926.13,8739,2163.4,4.2,17.8,1,4,102,3,0,0,1,0,0,0,0,0,0,0,0,2018,8742,600
490,5739.98,6193,1896.45,4.2,16.9,1,3,55,3,0,0,1,0,0,0,0,0,0,0,0,2018,8244,480
491,20183.39,7352.8,2933.52,3.9,37.3,2,8,205,3,0,0,1,0,0,0,0,0,0,0,0,2018,23906,720
492,6404,2952.8,1378.55,3.7,15.95,2,4,40,3,0,0,1,0,0,0,0,0,0,0,0,2018,8411,690
493,11437.5,8885,1474.96,4.2,37.6,2,8,10,2,0,1,0,0,0,0,0,0,0,0,0,2018,14137,1080
494,4347,17485.37,2052.01,3.9,15,1,3,74,2,0,1,0,0,0,0,0,0,0,0,0,2018,5922,365
495,3575.17,18000,2342.66,3.6,13.05,0,3,27,2,0,1,0,0,0,0,0,0,0,0,0,2018,6796,810
496,1894.09,2515.01,751.65,3.9,14.5,1,3,29,3,0,0,1,0,0,0,0,0,0,0,0,2018,3169,300
497,1938.73,3340,3340,4.2,16.6,1,3,60,3,0,0,1,0,0,0,0,0,0,0,0,2018,3470,300
498,4149.37,5940,2800.92,4.2,15.02,1,2,24,2,0,1,0,0,0,0,0,0,0,0,0,2018,10918,300
499,18079.07,11000,3398.89,4.5,52,1,10,174,3,0,0,1,0,0,0,0,0,0,0,0,2018,26297,915
500,9008.21,99200.05,4070.38,4.8,15.5,1,3,307,10,0,0,0,0,0,0,0,0,0,1,0,2018,17339,730
501,7014.75,16529,1967.44,5,19.1,1,4,120,1,1,0,0,0,0,0,0,0,0,0,0,2018,9086,390
502,6030.4,24928.6,2034.91,4.5,16.7,1,3,41,3,0,0,1,0,0,0,0,0,0,0,0,2018,7752,730
503,2917.63,14935,826.84,3.8,16.1,0,4,17,4,0,0,0,1,0,0,0,0,0,0,0,2018,3831,360
504,14973.08,13689,4378.96,3.6,22.75,0,5,79,9,0,0,0,0,0,0,0,0,1,0,0,2018,15541,390
505,2714.57,26237,1645.07,4.2,12.15,0,3,12,2,0,1,0,0,0,0,0,0,0,0,0,2019,4318,365
506,2748.98,2400,1181.85,4.1,11.64,0,2,29,5,0,0,0,0,1,0,0,0,0,0,0,2019,3279,360
507,6569.38,11091.5,1794.64,4.2,21.85,0,4,49,6,0,0,0,0,0,1,0,0,0,0,0,2019,8076,900
508,9234.39,29252.5,4765.11,4.2,11.35,1,3,99,2,0,1,0,0,0,0,0,0,0,0,0,2019,7740,600
509,5545.45,968691,1005.39,4.6,27.97,1,7,107,5,0,0,0,0,1,0,0,0,0,0,0,2019,7145,365
510,11312.55,25126,5157.25,4.1,12.4,0,3,53,9,0,0,0,0,0,0,0,0,1,0,0,2019,14501,510
511,2959.16,3000,1297.52,3.6,14.1,1,3,12,2,0,1,0,0,0,0,0,0,0,0,0,2019,4817,320
512,6674.27,6674.27,2500.19,3.8,23.1,1,5,92,3,0,0,1,0,0,0,0,0,0,0,0,2019,8242,540
513,6291.47,40944,1802.18,4.2,28.6,1,4,472,4,0,0,0,1,0,0,0,0,0,0,0,2019,9748,450
514,2218.45,2218.45,844.87,4.5,18.35,1,3,13,7,0,0,0,0,0,0,1,0,0,0,0,2019,4229,390
515,6717,46882,3282.95,4.2,11.5,1,3,39,2,0,1,0,0,0,0,0,0,0,0,0,2019,8836,365
516,7556.85,18988,3075.26,4.2,18.8,1,2,87,1,1,0,0,0,0,0,0,0,0,0,0,2019,8783,730
517,10258.75,2976,1683.29,4.2,30.9,2,7,93,3,0,0,1,0,0,0,0,0,0,0,0,2019,14275,570
518,7308.07,16290,1962.33,4.2,20,1,4,196,3,0,0,1,0,0,0,0,0,0,0,0,2019,9060,480
519,7466,65670,1076.17,4.2,33.54,1,6,124,3,0,0,1,0,0,0,0,0,0,0,0,2019,9028,510
520,3548.47,2843.2,898.68,3.9,17.2,1,3,50,3,0,0,1,0,0,0,0,0,0,0,0,2019,4270,365
521,4949.47,3960,1270.33,4.2,19.14,1,4,49,3,0,0,1,0,0,0,0,0,0,0,0,2019,5431,450
522,3386.44,4307.81,1859.58,6,16.33,1,2,687,1,1,0,0,0,0,0,0,0,0,0,0,2019,5173,360
523,15670.33,29572,3971.2,4.2,31.1,1,6,384,3,0,0,1,0,0,0,0,0,0,0,0,2019,18612,730
524,9980.98,22206,2864.62,4.4,24.5,1,5,94,3,0,0,1,0,0,0,0,0,0,0,0,2019,14548,1895
525,5039.23,13000,2486.61,6.7,22.35,1,3,72,1,1,0,0,0,0,0,0,0,0,0,0,2019,11124,540
526,6562,22795.6,122.84,4.2,21,1,8,1,3,0,0,1,0,0,0,0,0,0,0,0,2019,7127,540
527,14877.02,13084,4282.91,3.8,20.58,0,5,50,2,0,1,0,0,0,0,0,0,0,0,0,2019,19783,390
528,2854.1,2439.5,572.95,3.6,18.9,1,4,23,2,0,1,0,0,0,0,0,0,0,0,0,2019,3200,460
529,11902.43,13071,3192.91,3.6,16.6,1,4,65,2,0,1,0,0,0,0,0,0,0,0,0,2019,13467,420
530,4989.54,6766,1970.84,4.2,9.88,1,2,106,3,0,0,1,0,0,0,0,0,0,0,0,2019,6579,395
531,5436.45,3270,1623.28,5.4,19.4,1,3,57,3,0,0,1,0,0,0,0,0,0,0,0,2019,6810,365
532,12114.62,11488,3931.02,3.7,19,0,4,61,2,0,1,0,0,0,0,0,0,0,0,0,2019,18027,390
533,15079.24,15019.7,4535.01,3.9,17.5,1,4,68,9,0,0,0,0,0,0,0,0,1,0,0,2019,19744,420
534,6754.02,13491,2519.83,3.6,11.4,1,3,61,9,0,0,0,0,0,0,0,0,1,0,0,2019,9388,360
535,6980,10800,2470.65,4.2,20.65,1,4,117,3,0,0,1,0,0,0,0,0,0,0,0,2019,10058,540
536,4040,8758.83,1294.14,3.9,25.7,0,5,21,2,0,1,0,0,0,0,0,0,0,0,0,2019,5367,390
537,6094.4,5842.75,2015.85,4.5,17.9,1,3,38,2,0,1,0,0,0,0,0,0,0,0,0,2019,8150,480
538,11818.7,13888,3931.61,3.6,18.35,1,4,61,9,0,0,0,0,0,0,0,0,1,0,0,2019,14966,420
539,15671.59,14733,4970.6,3.6,22.6,1,5,81,9,0,0,0,0,0,0,0,0,1,0,0,2019,19991,420
540,8379.7,67996.9,1731.55,4.2,33.6,1,7,107,4,0,0,0,1,0,0,0,0,0,0,0,2019,9345,395
541,10691.1,64710,5843.13,3,14.2,0,3,32,10,0,0,0,0,0,0,0,0,0,1,0,2019,16587,900
542,9234.39,29252.5,4765.11,4.2,11.35,1,3,99,2,0,1,0,0,0,0,0,0,0,0,0,2019,13024,600
543,4702.52,3562.1,1885.97,4.2,21,0,3,30,9,0,0,0,0,0,0,0,0,1,0,0,2019,6265,340
544,8609.77,9917.3,1730.02,4.2,25.7,1,5,107,3,0,0,1,0,0,0,0,0,0,0,0,2019,8841,630
545,20378.58,18156,6150.8,3.6,21.7,2,4,107,3,0,0,1,0,0,0,0,0,0,0,0,2019,26536,435
546,4725.4,2991.8,869.86,4,18,1,4,80,3,0,0,1,0,0,0,0,0,0,0,0,2019,6793,457
547,5607.94,21767.07,2991.57,8,17.5,0,2,50,1,1,0,0,0,0,0,0,0,0,0,0,2019,7563,300
548,32269.16,62721,2810.21,3.9,50.95,3,11,426,4,0,0,0,1,0,0,0,0,0,0,0,2019,29065,1065
549,5273.8,7960,1878.46,5,19,1,3,68,8,0,0,0,0,0,0,0,1,0,0,0,2019,9777,480
550,2999,3904,830.81,4.2,17.7,1,4,63,3,0,0,1,0,0,0,0,0,0,0,0,2019,5036,420
551,2730.57,3075.3,689.53,4.2,25.05,0,5,25,3,0,0,1,0,0,0,0,0,0,0,0,2019,4947,720
552,15650,19418,5225.68,6.3,10.8,1,2,151,1,1,0,0,0,0,0,0,0,0,0,0,2019,21703,730
553,3125.59,5778.7,1577.05,3.6,13.25,1,2,40,2,0,1,0,0,0,0,0,0,0,0,0,2019,4080,365
554,3317.52,5598,1195.58,4.2,19.2,0,4,45,3,0,0,1,0,0,0,0,0,0,0,0,2019,7073,480
555,14341,11375,3470.12,4.2,24.2,1,5,132,3,0,0,1,0,0,0,0,0,0,0,0,2019,16197,730
556,6779.22,8361.7,2330.3,3.8,20.97,1,5,97,3,0,0,1,0,0,0,0,0,0,0,0,2019,7693,180
557,15837.12,35155,3238.6,4.2,34.4,1,7,323,3,0,0,1,0,0,0,0,0,0,0,0,2019,16590,730
558,9046,22268,2375.69,4,21,1,4,143,3,0,0,1,0,0,0,0,0,0,0,0,2019,10594,600
559,19827.82,18000,4346.36,4.5,42.4,1,8,186,3,0,0,1,0,0,0,0,0,0,0,0,2019,23151,840
560,13887.35,5929.9,1092.34,2.7,43.4,1,15,149,5,0,0,0,0,1,0,0,0,0,0,0,2019,12687,761
561,7083.9,16510,3274.81,4.85,17.55,1,2,168,8,0,0,0,0,0,0,0,1,0,0,0,2019,12959,545
562,16401.2,15393,5961.67,3.6,20.1,1,5,64,9,0,0,0,0,0,0,0,0,1,0,0,2019,21649,450
563,9933.91,11426,3527.64,3.7,17.98,1,4,47,2,0,1,0,0,0,0,0,0,0,0,0,2019,12793,420
564,5190.1,5005.1,1653.43,4.8,19.75,1,4,73,2,0,1,0,0,0,0,0,0,0,0,0,2019,6632,540
565,1974,11543,954.95,5.1,14.1,1,2,40,3,0,0,1,0,0,0,0,0,0,0,0,2019,3569,330
566,15810.72,15810.72,3060,4,25.28,2,5,233,6,0,0,0,0,0,1,0,0,0,0,0,2019,17255,720
567,11934.05,4431.26,3074.35,4,25.57,1,6,55,2,0,1,0,0,0,0,0,0,0,0,0,2019,15820,720
568,7434.11,274033,4691.88,4.5,21,1,1,190,10,0,0,0,0,0,0,0,0,0,1,0,2019,16116,720
569,7761.21,5484.7,2828.74,4.2,16.65,1,3,73,3,0,0,1,0,0,0,0,0,0,0,0,2019,9277,720
570,1797.54,3860,905.25,3.9,9.5,1,2,35,5,0,0,0,0,1,0,0,0,0,0,0,2019,3047,180
571,8007.26,34903,4124.72,3,14.9,1,2,82,1,1,0,0,0,0,0,0,0,0,0,0,2019,9482,365
572,8100,28941.8,3344.31,3.6,17.5,1,4,37,2,0,1,0,0,0,0,0,0,0,0,0,2019,9082,420
573,6267.84,5200,1979.38,4.5,20.4,1,4,40,2,0,1,0,0,0,0,0,0,0,0,0,2019,7161,540
574,5373.82,94798,2773.49,3.7,20,1,3,65,3,0,0,1,0,0,0,0,0,0,0,0,2019,7244,600
575,5921.11,4227.8,2299.54,4.5,22,0,4,30,2,0,1,0,0,0,0,0,0,0,0,0,2019,8299,400
576,15456,25780,7997,3.7,15.75,1,3,139,2,0,1,0,0,0,0,0,0,0,0,0,2019,21141,360
577,2540.75,1005.53,664.64,3.8,12.9,1,3,20,3,0,0,1,0,0,0,0,0,0,0,0,2019,3156,458
578,14307.9,15975,3190.69,3.9,21.4,1,5,66,2,0,1,0,0,0,0,0,0,0,0,0,2019,17040,540
579,7202.92,4996.4,2161.4,4.4,35.1,1,6,77,2,0,1,0,0,0,0,0,0,0,0,0,2019,9971,540
580,8869.71,354597,888.48,3.9,45,1,11,69,9,0,0,0,0,0,0,0,0,1,0,0,2019,10463,940
581,5271.7,30301,1647.33,4.2,20.3,1,4,47,9,0,0,0,0,0,0,0,0,1,0,0,2019,6879,420
582,3476.56,8923.9,732.33,3.9,20.1,1,4,87,3,0,0,1,0,0,0,0,0,0,0,0,2019,4542,365
583,17553.05,22908,10024.15,3.7,15.75,1,3,96,3,0,0,1,0,0,0,0,0,0,0,0,2019,22098,390
584,11162.56,7483,3914.67,3.7,9.9,1,2,130,3,0,0,1,0,0,0,0,0,0,0,0,2019,11747,610
585,14402.33,14400,4617.09,3.6,19.02,1,5,48,9,0,0,0,0,0,0,0,0,1,0,0,2019,16117,410
586,7220.11,35429.95,7220.11,6,13,1,2,73,7,0,0,0,0,0,0,1,0,0,0,0,2019,9742,540
587,2873.27,2780.2,863.12,3.9,21.89,1,5,45,3,0,0,1,0,0,0,0,0,0,0,0,2019,5998,330
588,9509.4,15110.5,3444.67,4.4,17.6,1,4,177,3,0,0,1,0,0,0,0,0,0,0,0,2019,11530,730
589,14454.08,32036.62,14454.08,6,7.98,0,1,107,8,0,0,0,0,0,0,0,1,0,0,0,2019,10102,395
590,6411,33123,2014.52,4.2,20.7,1,4,34,2,0,1,0,0,0,0,0,0,0,0,0,2019,7553,420
591,2165.96,5981,2286.21,6.9,15.3,1,1,35,8,0,0,0,0,0,0,0,1,0,0,0,2019,4421,450
592,2656.72,1080,460.5,4,25.3,1,5,26,3,0,0,1,0,0,0,0,0,0,0,0,2019,4769,365
593,12824.97,4691,2338.94,3.9,30.79,1,7,124,3,0,0,1,0,0,0,0,0,0,0,0,2019,14480,879
594,18601.1,21520,3650.08,4.3,33,1,7,129,3,0,0,1,0,0,0,0,0,0,0,0,2019,24263,750
595,15331.4,13361.6,3832.4,3.6,21.9,1,5,107,9,0,0,0,0,0,0,0,0,1,0,0,2019,14374,510
596,8630.52,1510099,8730.92,4.3,12.8,1,2,107,8,0,0,0,0,0,0,0,1,0,0,0,2019,7574,330
597,12186.76,9925,5018.51,4.2,19.7,2,3,92,8,0,0,0,0,0,0,0,1,0,0,0,2019,17024,660
598,15550.27,17662,3100.27,3.6,32.3,3,4,97,9,0,0,0,0,0,0,0,0,1,0,0,2019,17769,540
599,13822.58,10677,3394.76,3.7,21.9,1,5,84,9,0,0,0,0,0,0,0,0,1,0,0,2019,13198,410
600,6092.34,3003.7,1505.51,3.8,17.5,1,4,50,10,0,0,0,0,0,0,0,0,0,1,0,2019,6197,390
601,5999.6,55950.78,1395.92,4.5,25.3,1,5,43,2,0,1,0,0,0,0,0,0,0,0,0,2019,7749,540
602,9970.3,10184,3350.73,3.9,17.35,0,4,107,9,0,0,0,0,0,0,0,0,1,0,0,2019,13868,420
603,15457.12,13200,2910.54,3.9,48.1,1,10,219,3,0,0,1,0,0,0,0,0,0,0,0,2019,19504,660
604,11783.88,15090.1,3497.36,3.6,15.45,1,4,67,9,0,0,0,0,0,0,0,0,1,0,0,2019,14455,450
605,2991.41,4620,1203.98,3.9,21.56,0,5,67,3,0,0,1,0,0,0,0,0,0,0,0,2019,5669,360
606,12638.6,7917,4187.53,4.5,28,1,6,81,3,0,0,1,0,0,0,0,0,0,0,0,2019,18945,660
607,4927.13,38276.56,2619.62,5,10.93,1,2,99,2,0,1,0,0,0,0,0,0,0,0,0,2019,12592,700
608,7821.59,3194.6,1289.99,2.8,32.8,1,11,71,5,0,0,0,0,1,0,0,0,0,0,0,2019,8396,500
609,9647.7,12350,3628.5,5.4,19.3,1,3,58,4,0,0,0,1,0,0,0,0,0,0,0,2019,16415,600
610,36699.07,11923,2209.2,2.8,58.72,2,20,445,5,0,0,0,0,1,0,0,0,0,0,0,2019,28574,977
611,1691.4,3401,540.9,4.2,32.4,2,5,7,3,0,0,1,0,0,0,0,0,0,0,0,2019,5878,900
612,12344.66,3250,1911.68,4.2,24.05,2,5,124,2,0,1,0,0,0,0,0,0,0,0,0,2019,11944,480
613,4791.74,7808,1547.32,3.9,15.5,1,3,90,3,0,0,1,0,0,0,0,0,0,0,0,2019,6795,458
614,19003,94655,10828,4.2,11,1,2,232,1,1,0,0,0,0,0,0,0,0,0,0,2019,27764,780
615,4138.61,3103.1,1571.52,3.9,15.1,1,3,21,9,0,0,0,0,0,0,0,0,1,0,0,2019,4912,300
616,6993.81,20000.3,2117.51,4.5,24.6,1,5,252,3,0,0,1,0,0,0,0,0,0,0,0,2019,8284,793
617,9858,14633,2669.08,4.5,21,1,4,165,3,0,0,1,0,0,0,0,0,0,0,0,2019,11228,551
618,16460.59,26715,5165.62,3.9,21.75,1,5,110,2,0,1,0,0,0,0,0,0,0,0,0,2019,19902,350
619,8572.45,25367,3807.32,2.7,16.2,0,3,46,10,0,0,0,0,0,0,0,0,0,1,0,2019,12143,6559
620,3896.13,5579.4,2469.7,4.2,14.08,1,2,32,7,0,0,0,0,0,0,1,0,0,0,0,2019,7648,450
621,14125.87,1280,4525.81,3.9,19.02,1,5,48,9,0,0,0,0,0,0,0,0,1,0,0,2019,15728,470
622,13058.32,14041.2,3284.91,3.9,21.55,1,5,48,9,0,0,0,0,0,0,0,0,1,0,0,2019,17952,540
623,3433.54,7449.7,1592.82,4,13.9,0,3,110,2,0,1,0,0,0,0,0,0,0,0,0,2019,4156,365
624,8979.31,6235,2514.72,4.5,26.95,1,5,100,3,0,0,1,0,0,0,0,0,0,0,0,2019,12490,600
625,14547.93,13000,4953.6,3.6,20,1,5,73,2,0,1,0,0,0,0,0,0,0,0,0,2019,18315,480
626,3787.46,4151.6,1579.12,4.8,12.75,1,2,38,2,0,1,0,0,0,0,0,0,0,0,0,2019,4866,360
627,15993.64,17451,5761.56,3.6,19.5,1,4,81,9,0,0,0,0,0,0,0,0,1,0,0,2019,17415,390
628,12102.83,14582,4388.81,4.1,18.12,0,4,43,9,0,0,0,0,0,0,0,0,1,0,0,2020,13831,720
629,14435.59,16289.9,3246.9,3.9,19.18,1,4,100,9,0,0,0,0,0,0,0,0,1,0,0,2020,17358,450
630,6168.16,18048,1963.49,4.2,19.5,1,4,82,2,0,1,0,0,0,0,0,0,0,0,0,2020,9119,540
631,2749.77,99744,2494.94,4.2,35.5,1,3,31,8,0,0,0,0,0,0,0,1,0,0,0,2020,7896,365
632,7402.41,2010.4,1201.53,4.2,21,2,4,86,5,0,0,0,0,1,0,0,0,0,0,0,2020,9223,570
633,3893,69417.9,3893,12,14.15,0,1,18,1,1,0,0,0,0,0,0,0,0,0,0,2020,3241,150
634,3685.96,61079.9,1511.3,4.2,21,0,4,40,10,0,0,0,0,0,0,0,0,0,1,0,2020,5523,480
635,6982.2,15368.3,2317.09,4.2,16,1,3,150,3,0,0,1,0,0,0,0,0,0,0,0,2020,9580,540
636,9624.82,5405,2058.54,4.2,30.06,1,6,78,3,0,0,1,0,0,0,0,0,0,0,0,2020,11639,571
637,5817.25,77635,4607.64,4.2,16.7,0,3,107,1,1,0,0,0,0,0,0,0,0,0,0,2020,8993,540
638,7620.27,15729.8,5578.94,3.6,14,1,3,45,1,1,0,0,0,0,0,0,0,0,0,0,2020,7677,300
639,3689.97,1998.6,823.63,3.9,13.6,1,3,50,7,0,0,0,0,0,0,1,0,0,0,0,2020,5374,396
640,3142.22,6611,1250.82,5.4,26.75,1,3,39,3,0,0,1,0,0,0,0,0,0,0,0,2020,6858,360
641,6670.74,115316,2426,4.2,23.4,0,4,13,9,0,0,0,0,0,0,0,0,1,0,0,2020,12017,540
642,11778,5044,3926.16,3.9,15.3,0,3,400,1,1,0,0,0,0,0,0,0,0,0,0,2020,10841,300
643,2997.5,4168.4,1573.18,4.2,23.4,1,5,37,5,0,0,0,0,1,0,0,0,0,0,0,2020,4655,600
644,2432.09,9494,1613.06,4.2,10.78,0,2,48,5,0,0,0,0,1,0,0,0,0,0,0,2020,4820,360
645,4535.56,49292,2510.34,4.2,21,0,3,66,10,0,0,0,0,0,0,0,0,0,1,0,2020,9404,510
646,3499.76,986.4,584.59,4.2,25.1,2,4,20,8,0,0,0,0,0,0,0,1,0,0,0,2020,5015,540
647,10138.49,20923,3228.82,4.5,22,1,4,143,6,0,0,0,0,0,1,0,0,0,0,0,2020,12852,600
648,3767.61,11213.43,1336.57,3.9,17,0,3,26,10,0,0,0,0,0,0,0,0,0,1,0,2020,4386,396
649,5945.85,34415,2744.49,4.4,13.9,1,2,65,8,0,0,0,0,0,0,0,1,0,0,0,2020,9560,609
650,6540.04,20865,4445.64,4.5,4.8,1,2,54,8,0,0,0,0,0,0,0,1,0,0,0,2020,12713,365
651,5526.97,14545.3,2302.5,4.7,18.88,1,3,85,2,0,1,0,0,0,0,0,0,0,0,0,2020,8719,480
652,9223,9488,2837.99,4.2,23.7,1,5,21,3,0,0,1,0,0,0,0,0,0,0,0,2020,11045,540
653,12615.18,10757.3,3699.46,3.7,20,1,4,84,9,0,0,0,0,0,0,0,0,1,0,0,2020,16784,380
654,12148.44,11643.4,2256.23,4,32.25,2,6,127,5,0,0,0,0,1,0,0,0,0,0,0,2020,15576,660
655,8374.98,11729.81,3183.41,4.2,35.1,1,7,78,3,0,0,1,0,0,0,0,0,0,0,0,2020,11601,365
656,16117.54,17800,4723.36,3.6,18.4,1,4,96,9,0,0,0,0,0,0,0,0,1,0,0,2020,14362,420
657,6355.08,17480,1660.17,4,18.44,1,4,126,3,0,0,1,0,0,0,0,0,0,0,0,2020,7077,560
658,5142.91,15712.9,1612.87,4.5,4.8,1,4,95,4,0,0,0,1,0,0,0,0,0,0,0,2020,8958,510
659,4144.94,3523,1596.43,3.8,12.8,1,3,19,9,0,0,0,0,0,0,0,0,1,0,0,2020,6704,360
660,12686.39,2787.8,2249.66,3.4,29.75,1,6,287,1,1,0,0,0,0,0,0,0,0,0,0,2020,12418,600
661,11903.54,40910,1648.83,4.5,32.1,1,6,363,3,0,0,1,0,0,0,0,0,0,0,0,2020,14536,750
662,6154,6026,1957,5.4,22,0,4,64,1,1,0,0,0,0,0,0,0,0,0,0,2020,8180,360
663,13421,15019,6669,4.2,16,0,3,93,5,0,0,0,0,1,0,0,0,0,0,0,2020,18666,700
664,11337.78,12499,3795.39,3.7,16.95,0,4,46,9,0,0,0,0,0,0,0,0,1,0,0,2020,17351,390
665,3696.24,6455,1130.78,4.2,13.55,0,4,24,5,0,0,0,0,1,0,0,0,0,0,0,2020,4691,365
666,12211.04,14000,3398.37,3.6,3.9,1,4,73,9,0,0,0,0,0,0,0,0,1,0,0,2020,10495,380
667,10816.54,5519.1,2767.79,4.2,25.58,1,4,100,8,0,0,0,0,0,0,0,1,0,0,0,2020,16041,600
668,6790,11244.8,1778.41,4,21.2,1,4,74,3,0,0,1,0,0,0,0,0,0,0,0,2020,7778,760
669,2985.6,26155.9,1173.1,4.2,18.75,0,4,19,3,0,0,1,0,0,0,0,0,0,0,0,2020,5640,360
670,21456.83,18400,5791.06,3.7,24.4,1,5,128,9,0,0,0,0,0,0,0,0,1,0,0,2020,23249,420
671,12915.37,22948,4501.36,4,17.7,1,4,101,9,0,0,0,0,0,0,0,0,1,0,0,2020,16982,540
672,14054.8,110817,4099.98,3.8,22.36,1,4,57,4,0,0,0,1,0,0,0,0,0,0,0,2020,19973,990
673,20542.99,15000,4523.1,3.8,19.5,1,5,89,9,0,0,0,0,0,0,0,0,1,0,0,2020,23723,450
674,10527.97,419341,1385.1,4.2,47.9,1,10,33,9,0,0,0,0,0,0,0,0,1,0,0,2020,14092,720
675,5634.72,7404,2177.98,4.5,21,1,4,84,3,0,0,1,0,0,0,0,0,0,0,0,2020,9483,365
676,5376.86,3584,1782.02,3.9,18.8,1,4,19,9,0,0,0,0,0,0,0,0,1,0,0,2020,6821,365
677,7132.98,456805.9,2391.45,5.1,29.5,1,4,40,2,0,1,0,0,0,0,0,0,0,0,0,2020,6789,460
678,6717.89,5340,6717.89,3.6,13.35,1,3,30,9,0,0,0,0,0,0,0,0,1,0,0,2020,7532,420
679,9884.37,3636,2165.33,5.2,31,2,5,93,2,0,1,0,0,0,0,0,0,0,0,0,2020,19046,540
680,11814.72,14600,4415.48,3.6,17.3,0,4,65,9,0,0,0,0,0,0,0,0,1,0,0,2020,17919,480
681,5312.76,7845,3111.08,4.2,19.05,0,3,839,8,0,0,0,0,0,0,0,1,0,0,0,2020,9851,1080
682,16260.86,14000,3624.83,3.8,23.55,1,5,74,9,0,0,0,0,0,0,0,0,1,0,0,2020,16066,420
683,17376.27,14000,4160.82,3.7,20.25,1,5,74,9,0,0,0,0,0,0,0,0,1,0,0,2020,16690,420
684,11793.46,12500,4786,3.6,16.58,1,3,61,9,0,0,0,0,0,0,0,0,1,0,0,2020,20673,450
685,6732.11,2556.4,1653.43,4.2,22.6,1,4,53,6,0,0,0,0,0,1,0,0,0,0,0,2020,8618,794
686,16955.49,29635,4572.82,4.2,6,1,4,186,1,1,0,0,0,0,0,0,0,0,0,0,2020,26341,730
687,8842.73,16517,3643.81,3.9,16.15,0,3,81,2,0,1,0,0,0,0,0,0,0,0,0,2020,13167,420
688,6891.62,1320256,1809.4,4,24.33,1,5,28,4,0,0,0,1,0,0,0,0,0,0,0,2020,8931,540
689,5792.7,15127.5,1556.04,3.4,23.8,1,6,49,10,0,0,0,0,0,0,0,0,0,1,0,2020,9741,360
690,7123.34,5514.55,2130.3,3.9,18.38,1,4,36,2,0,1,0,0,0,0,0,0,0,0,0,2020,10505,840
691,18724.32,5723.87,2189.17,3.3,23.85,4,6,93,2,0,1,0,0,0,0,0,0,0,0,0,2020,14839,730
692,11817.98,46885,6463.93,4.5,18.65,1,3,100,8,0,0,0,0,0,0,0,1,0,0,0,2020,16048,720
693,20023.6,17000,6720.19,5.1,22.2,1,4,103,2,0,1,0,0,0,0,0,0,0,0,0,2020,23620,540
694,6234,13187,1836.11,3.9,18.65,1,4,137,6,0,0,0,0,0,1,0,0,0,0,0,2020,7044,540
695,1812.89,8394,1443.9,5.4,11.55,1,2,38,1,1,0,0,0,0,0,0,0,0,0,0,2020,4336,365
696,25529.06,17000,5401.46,5.1,33.8,1,6,144,2,0,1,0,0,0,0,0,0,0,0,0,2020,27820,549
697,9005.82,5329,2727.43,5.4,18.7,1,4,66,2,0,1,0,0,0,0,0,0,0,0,0,2020,12824,510
698,4587,5805,1293,4.2,4.8,1,3,69,3,0,0,1,0,0,0,0,0,0,0,0,2020,5582,630
699,14035.61,12491,4693.83,3.6,20.6,0,5,70,9,0,0,0,0,0,0,0,0,1,0,0,2020,22065,502
700,10163.57,8287,3762.21,4.5,16,1,2,120,2,0,1,0,0,0,0,0,0,0,0,0,2020,15668,540
701,15193.67,8424.4,2709.18,4.2,21.8,2,4,213,3,0,0,1,0,0,0,0,0,0,0,0,2020,18621,660
702,11009.01,11280,3809.59,3.6,19.35,1,4,65,9,0,0,0,0,0,0,0,0,1,0,0,2020,12249,540
703,3802.8,38371.7,459.34,5.1,12.4,2,1,30,1,1,0,0,0,0,0,0,0,0,0,0,2020,6641,510
704,4240.09,1246.2,616.59,5.5,30.05,2,5,32,1,1,0,0,0,0,0,0,0,0,0,0,2020,10979,861
705,10228.64,12200,2414.7,4.2,30.6,1,6,207,6,0,0,0,0,0,1,0,0,0,0,0,2020,12871,540
706,2637.85,19138,1255.97,4.8,14.03,1,2,50,2,0,1,0,0,0,0,0,0,0,0,0,2020,4504,600
707,5440.88,39692,4010,4.5,17.7,0,3,139,1,1,0,0,0,0,0,0,0,0,0,0,2020,10823,563
708,5319.77,6482.7,1456.81,4.2,18.8,1,4,72,6,0,0,0,0,0,1,0,0,0,0,0,2020,6137,600
709,2675.04,26124.5,1481.7,4.7,10.5,1,2,122,2,0,1,0,0,0,0,0,0,0,0,0,2020,4953,180
710,3574.22,3597,1235.47,4.5,18.7,0,4,45,3,0,0,1,0,0,0,0,0,0,0,0,2020,6160,430
711,3382.71,98248,1509.41,6,14.4,1,2,107,1,1,0,0,0,0,0,0,0,0,0,0,2020,6262,365
712,3615.45,9407,1803,4.2,13.6,1,3,79,8,0,0,0,0,0,0,0,1,0,0,0,2020,6032,480
713,3255.62,43151,1945.87,4.2,16.08,1,2,70,8,0,0,0,0,0,0,0,1,0,0,0,2020,6623,540
714,18345.61,14000,4264.19,3.6,18.45,1,5,84,9,0,0,0,0,0,0,0,0,1,0,0,2020,17852,420
715,18345.61,14000,4264.19,3.6,18.45,1,5,84,9,0,0,0,0,0,0,0,0,1,0,0,2020,17852,420
716,2139.62,7405,1448.37,2.6,7.9,1,2,22,3,0,0,1,0,0,0,0,0,0,0,0,2020,3562,270
717,9799.62,7692.9,2281.76,4.5,24.1,1,4,112,10,0,0,0,0,0,0,0,0,0,1,0,2020,15472,660
718,17455.26,18000,3409.55,4.5,40.05,1,8,179,3,0,0,1,0,0,0,0,0,0,0,0,2020,20357,690
719,10317,16532,10317,4.2,21.35,1,4,110,3,0,0,1,0,0,0,0,0,0,0,0,2020,13078,540
720,9758.8,14033,2802.3,3.9,17.4,1,3,117,5,0,0,0,0,1,0,0,0,0,0,0,2020,14263,540
721,9006.31,20800,3390.87,6.6,22.1,1,4,88,7,0,0,0,0,0,0,1,0,0,0,0,2020,10011,540
722,8998.88,11743,4267.51,4.3,11.93,0,3,79,4,0,0,0,1,0,0,0,0,0,0,0,2020,13074,450
723,5495.96,16000,2006.73,4.3,15.46,1,3,44,6,0,0,0,0,0,1,0,0,0,0,0,2020,9675,540
724,3408.09,40716.7,1207.86,5.1,18.4,1,3,60,7,0,0,0,0,0,0,1,0,0,0,0,2020,5278,450
725,8564.61,12997.3,3718.42,4.5,17.2,1,3,70,6,0,0,0,0,0,1,0,0,0,0,0,2020,12355,360
726,10979.4,32867,1732.62,4.1,25.3,2,5,107,3,0,0,1,0,0,0,0,0,0,0,0,2020,11885,630
727,3637.65,33000,3672.45,11.9,14.05,0,1,106,1,1,0,0,0,0,0,0,0,0,0,0,2020,4970,210
728,2509.42,100625,1833.85,4.5,12.05,0,2,1769,8,0,0,0,0,0,0,0,1,0,0,0,2020,4424,510
729,6672.49,5748,2753.99,4.9,19.95,0,4,73,3,0,0,1,0,0,0,0,0,0,0,0,2020,9217,450
730,1904.55,13617.2,924.83,4.2,16.85,0,3,74,8,0,0,0,0,0,0,0,1,0,0,0,2020,3503,270
731,19392.92,3483.7,2709.32,3.6,19.5,2,5,423,1,1,0,0,0,0,0,0,0,0,0,0,2020,19144,180
732,17326,20435,5815.53,3.9,17.8,1,4,113,9,0,0,0,0,0,0,0,0,1,0,0,2020,20438,395
733,9512.81,16464,3403.12,3.9,17.8,1,4,62,9,0,0,0,0,0,0,0,0,1,0,0,2020,11721,395
734,6770.04,19123,387.91,5.25,5.25,1,1,149,1,1,0,0,0,0,0,0,0,0,0,0,2021,10972,492
735,2623.36,44828.7,1202.8,4.2,9.9,0,2,34,2,0,1,0,0,0,0,0,0,0,0,0,2021,4726,365
736,7970.45,5000.1,2485.97,4.2,18.61,1,3,105,3,0,0,1,0,0,0,0,0,0,0,0,2021,11662,540
737,2775.97,7900,1709.14,4.2,21,0,2,69,3,0,0,1,0,0,0,0,0,0,0,0,2021,5725,427
738,6229.75,118970,1057.23,4.4,21.1,1,4,60,9,0,0,0,0,0,0,0,0,1,0,0,2021,9223,420
739,7852.58,180498.3,2541.9,2.85,24.9,1,3,31,1,1,0,0,0,0,0,0,0,0,0,0,2021,10624,730
740,9472.99,39166.8,2643.63,2.9,19.56,1,5,96,5,0,0,0,0,1,0,0,0,0,0,0,2021,15012,540
741,5376.83,5291.5,2390.67,4.2,19.8,1,3,38,1,1,0,0,0,0,0,0,0,0,0,0,2021,9448,660
742,2666.24,7115.9,1710.86,4.2,21,0,2,45,3,0,0,1,0,0,0,0,0,0,0,0,2021,5822,427
743,6709.28,51.344,2079.04,3,14.6,1,4,34,5,0,0,0,0,1,0,0,0,0,0,0,2021,8544,540
744,14188.58,4959,2153.22,4.2,21,2,5,114,3,0,0,1,0,0,0,0,0,0,0,0,2021,17869,720
745,13514.35,2006,1184.48,4.2,60.3,4,12,94,3,0,0,1,0,0,0,0,0,0,0,0,2021,19447,867
746,7649.37,9840,3784.65,4.2,18.3,1,3,43,2,0,1,0,0,0,0,0,0,0,0,0,2021,7132,365
747,12295.4,27784,1929.81,4.5,27.85,1,5,564,3,0,0,1,0,0,0,0,0,0,0,0,2021,14129,760
748,6230.31,28802.1,1174.06,5.4,21.3,2,4,73,3,0,0,1,0,0,0,0,0,0,0,0,2021,8866,630
749,11788.61,55950.78,534.03,4.8,13.46,1,3,15,9,0,0,0,0,0,0,0,0,1,0,0,2021,18138,840
750,4999.35,1742.1,1281.36,3.6,25.8,1,4,39,8,0,0,0,0,0,0,0,1,0,0,0,2021,12078,540
751,5827.92,2700,1319.83,3.8,19.8,1,4,27,9,0,0,0,0,0,0,0,0,1,0,0,2021,8658,426
752,3850.62,6613,1154.77,5.1,16.5,1,3,73,2,0,1,0,0,0,0,0,0,0,0,0,2021,6452,365
753,18431.54,15000,5889.64,3.9,19.3,1,4,120,9,0,0,0,0,0,0,0,0,1,0,0,2021,23476,395
754,11154.59,4412.98,1742.07,3.9,19.8,2,4,169,3,0,0,1,0,0,0,0,0,0,0,0,2021,13616,365
755,2153.8,10697.6,1325.82,4.3,10,1,2,44,2,0,1,0,0,0,0,0,0,0,0,0,2021,4193,380
756,8436.12,8662,3764.4,4.8,15.9,1,3,143,3,0,0,1,0,0,0,0,0,0,0,0,2021,13217,425
757,5692.8,6120.2,1970.65,3.8,32.5,1,7,96,3,0,0,1,0,0,0,0,0,0,0,0,2021,11592,570
758,12854.12,4834,2692.52,3.9,21.6,1,5,144,1,1,0,0,0,0,0,0,0,0,0,0,2021,15663,480
759,6977.8,16402.7,2046.02,2.7,14.8,1,3,105,3,0,0,1,0,0,0,0,0,0,0,0,2021,9949,540
760,8701.98,14000,2314.81,3.9,28,1,6,71,9,0,0,0,0,0,0,0,0,1,0,0,2021,12867,750
761,21664.07,17810,5883.77,3.7,19.4,1,4,128,9,0,0,0,0,0,0,0,0,1,0,0,2021,25346,420
762,5843.81,3009.9,1448.04,3.9,21.5,1,5,48,3,0,0,1,0,0,0,0,0,0,0,0,2021,7316,558
763,16223.98,5056,3033.45,3.9,24.33,2,6,155,5,0,0,0,0,1,0,0,0,0,0,0,2021,24458,730
764,5900.58,4528,1194.59,4.8,17.98,2,3,76,3,0,0,1,0,0,0,0,0,0,0,0,2021,7927,548
765,15888.62,4574,2516.67,4.2,30.15,2,6,104,10,0,0,0,0,0,0,0,0,0,1,0,2021,19708,720
766,4493.18,130209,3261.11,4.5,70,1,2,187,5,0,0,0,0,1,0,0,0,0,0,0,2021,12565,900
767,7954.87,7847,2700.79,5.1,20.05,0,4,49,2,0,1,0,0,0,0,0,0,0,0,0,2021,9687,600
768,14060.5,14355,5567.19,3.9,19,0,4,74,9,0,0,0,0,0,0,0,0,1,0,0,2021,19276,560
769,6139.26,1506.7,897.61,3.95,5.25,3,5,83,3,0,0,1,0,0,0,0,0,0,0,0,2021,8707,760
770,13262.88,14081,4572.09,4.2,17.75,0,4,107,9,0,0,0,0,0,0,0,0,1,0,0,2021,19386,510
771,18297.12,16180,5233.85,3.75,17.35,1,4,71,9,0,0,0,0,0,0,0,0,1,0,0,2021,21635,630
772,14872.89,15972.1,4983.92,3.7,17.05,0,4,74,9,0,0,0,0,0,0,0,0,1,0,0,2021,23452,510
773,5412.34,66083.6,2175.25,3.9,3.9,0,3,123,9,0,0,0,0,0,0,0,0,1,0,0,2021,7673,300
774,11656.6,9448.5,3874.04,3.9,15,1,3,66,9,0,0,0,0,0,0,0,0,1,0,0,2021,14469,660
775,3298.09,20989.2,2904.05,4.6,14.25,0,3,46,3,0,0,1,0,0,0,0,0,0,0,0,2021,5529,420
776,4501.14,552007,3020.4,5.3,13.83,1,2,1452,8,0,0,0,0,0,0,0,1,0,0,0,2021,6982,780
777,2516.03,2134,753.47,4.1,17.6,1,4,107,3,0,0,1,0,0,0,0,0,0,0,0,2021,3718,425
778,16730.8,12234,3182.96,3.9,27.48,1,5,115,9,0,0,0,0,0,0,0,0,1,0,0,2021,23552,588
779,5190.47,41646,3605.94,4.8,15.39,1,2,210,8,0,0,0,0,0,0,0,1,0,0,0,2021,12224,540
780,4566.71,4731.2,1941.47,3.9,15.95,1,3,55,3,0,0,1,0,0,0,0,0,0,0,0,2021,8754,546
781,3099.24,21474.5,2098.08,6,11.2,0,2,107,1,1,0,0,0,0,0,0,0,0,0,0,2021,3706,240
782,5359.29,1441.11,863.94,3.9,22.35,2,4,39,5,0,0,0,0,1,0,0,0,0,0,0,2021,7298,540
783,12940.01,40702,8775.42,3,39.7,1,11,34,5,0,0,0,0,1,0,0,0,0,0,0,2021,20803,300
784,14144,48496,7183,6,23.8,0,3,198,1,1,0,0,0,0,0,0,0,0,0,0,2021,21026,570
785,3449.32,3278,1839.09,3.68,12.2,0,3,17,2,0,1,0,0,0,0,0,0,0,0,0,2021,5854,480
786,12785.08,3634,1800.8,4.2,41.3,2,8,95,2,0,1,0,0,0,0,0,0,0,0,0,2021,14220,579
787,2748.4,3316,1224.11,5.8,20.75,0,3,24,1,1,0,0,0,0,0,0,0,0,0,0,2021,5041,365
788,7271.89,42859.7,1623.57,4.2,18,1,4,41,8,0,0,0,0,0,0,0,1,0,0,0,2021,7899,600
789,13442,50000,7075,4.2,17.1,0,3,180,1,1,0,0,0,0,0,0,0,0,0,0,2021,18791,610
790,5200.64,242593,1860.71,4.2,18.35,0,4,107,9,0,0,0,0,0,0,0,0,1,0,0,2021,5950,0
791,1730.73,98248,1006.37,12,12,0,2,364,1,1,0,0,0,0,0,0,0,0,0,0,2021,2788,365
792,5341.57,6604.3,934.27,3.9,23.5,1,5,100,3,0,0,1,0,0,0,0,0,0,0,0,2021,9021,540
793,4668.33,22963.9,3787.82,5.1,15.7,1,2,78,8,0,0,0,0,0,0,0,1,0,0,0,2021,7927,425
794,10746.55,15540,4261.55,3.6,16.6,1,4,76,9,0,0,0,0,0,0,0,0,1,0,0,2021,11248,340
795,11594.22,4669,1733.22,4,28.8,1,7,86,3,0,0,1,0,0,0,0,0,0,0,0,2021,13399,730
796,13752.52,14000,4987.46,3.7,20.85,0,5,73,9,0,0,0,0,0,0,0,0,1,0,0,2021,22707,450
797,6762.16,6274.6,2406.76,3.9,24.9,1,5,78,5,0,0,0,0,1,0,0,0,0,0,0,2021,9097,480
798,7100.8,29840,3518.29,6,25.1,0,3,107,9,0,0,0,0,0,0,0,0,1,0,0,2021,8280,160
799,9054.3,15731,3040.56,3.9,19.2,1,4,64,9,0,0,0,0,0,0,0,0,1,0,0,2021,11965,540
800,2337.5,2980,1087.48,6,20.1,1,3,16,1,1,0,0,0,0,0,0,0,0,0,0,2021,4439,360
801,4983.5,4000,1668.84,2.4,17.21,1,3,35,9,0,0,0,0,0,0,0,0,1,0,0,2021,7747,330
